Summary level,Program label,Program,Sub-program,Name,Code,Subsidized units available,% Occupied,# Reported,% Reported,Average months since report,% moved in past year,Number of people per unit,Number of people: total,Average Family Expenditure per month ($$),Average HUD Expenditure per month ($$),Household income per year,Household income per year per person,"% $1 - $4,999","% $5,000 - $9,999","% $10,000 - $14,999","% $15,000 - $19,999","% $20,000 or more",% Households where wages are major source of income,% Households where welfare is major source of income,% Households with other major sources of income,% of local median (Household income),% very low income,% extremely low income,% 2+ adults with children,% 1 adult with children,% female head,% female head with children,"% with disability, among Head, Spouse, Co-head, aged 61 years or less","% with disability, among Head, Spouse, Co-head, aged 62 years or older","% with disability, among all persons in households",% 24 years or less (Head or spouse),% 25 to 49 years (Head or spouse),% 51 to 60 (Head or spouse),% 62 or more (Head or spouse),% 85 or more (Head or spouse),% Minority,%Black Non-Hispanic,%Native American Non-Hispanic,%Asian or Pacific Islander Non-Hispanic,%White Non-Hispanic,%Black Hispanic,%White Hispanic,%Other Hispanic,% Hispanic,% Multiple Race,Average months on waiting list,Average months since moved in,% with utility allowance,Average utility allowance $$,% 0 - 1 bedrooms:,% 2 bedrooms,% 3+ bedrooms,% Overhoused,% in poverty (Census tract),% minority (Census tract),% single family owners (Census tract),Congressional District,CBSA,PLACE,Latitude,Longitude,State,PHA Total Units,HA category,
6,Public Housing,2,NA,FREDERICK DOUGLASS & ADD.,NY005010820,2350,96,2089,93,6,2,2,4137,661,1364,27085,13677,5,10,25,12,49,35,8,56,22,91,77,2,21,74,21,29,56,36,2,29,20,49,7,98,37,1,4,2,16,37,2,55,4,-1,348,-1,-1,20,49,31,40,35,69,1,NA,35620,51000,40.797413,-73.964444,NY,270925,9,1
6,Public Housing,2,NA,HOWARD,NY005000720,1812,95,1633,95,7,4,2.3,3761,553,1364,22235,9654,8,14,25,13,41,38,12,48,18,96,83,3,37,82,36,23,51,23,3,42,23,32,2,99,68,1,1,1,14,15,1,29,4,-1,273,-1,-1,18,49,33,31,41,99,1,NA,35620,51000,40.663059,-73.90664,NY,270925,9,1
6,Public Housing,2,NA,RAVENSWOOD,NY005000480,2164,96,1993,96,6,4,1.9,3755,718,1364,30237,16048,5,11,20,13,51,37,10,52,25,88,71,2,26,77,26,25,49,29,2,33,22,43,5,94,46,0,7,6,7,33,1,41,4,-1,280,-1,-1,34,59,7,25,24,86,1,NA,35620,51000,40.760422,-73.936545,NY,270925,9,1
6,Public Housing,2,NA,POMONOK,NY005000530,2070,96,1899,96,6,4,2,3731,646,1364,26615,13546,5,13,22,13,47,35,10,53,22,92,75,2,29,83,30,26,54,31,2,36,21,41,4,90,49,1,9,10,8,21,2,31,5,-1,269,-1,-1,27,68,5,24,34,87,1,NA,35620,51000,40.731058,-73.811132,NY,270925,9,1
6,Public Housing,2,NA,GOUVERNEUR MORRIS I,NY005011020,1886,94,1575,88,8,3,2.3,3674,575,1364,22764,9759,7,11,27,14,42,37,10,52,18,96,84,4,33,80,32,26,54,29,2,35,25,38,4,99,39,0,0,1,22,35,2,59,5,-1,290,-1,-1,25,35,40,35,43,99,1,NA,35620,51000,40.83719,-73.903626,NY,270925,9,1
6,Public Housing,2,NA,NOSTRAND,NY005010360,2202,92,1816,90,7,1,2,3656,635,1364,25759,12795,5,10,26,12,46,36,10,53,21,93,77,2,29,79,29,25,55,27,2,34,23,41,5,87,51,1,9,13,8,16,1,26,4,-1,280,-1,-1,14,71,15,36,29,88,0,NA,35620,51000,40.597328,-73.938161,NY,270925,9,1
6,Public Housing,2,NA,FOREST,NY005000590,1965,95,1737,93,7,5,2.1,3648,600,1364,24155,11501,5,10,27,12,45,37,10,51,20,94,81,2,30,81,29,25,57,28,1,36,22,40,4,99,34,0,1,1,20,43,2,65,3,-1,290,-1,-1,15,57,28,39,26,99,2,NA,35620,51000,40.82281,-73.904257,NY,270925,9,1
6,Public Housing,2,NA,GOVERNOR SMITH,NY005000270,1934,95,1781,97,6,3,2,3573,628,1364,26249,13084,5,9,29,14,43,31,6,62,21,92,80,2,17,65,16,32,58,36,1,22,17,60,10,98,20,0,41,2,6,29,2,37,4,-1,372,-1,-1,18,45,37,42,48,98,1,NA,35620,51000,40.709611,-73.996326,NY,270925,9,1
6,Public Housing,2,NA,GEORGE WASHINGTON,NY005010620,1960,96,1746,93,8,3,2,3570,650,1364,26499,12960,4,9,25,14,47,34,9,55,22,92,78,2,26,77,25,25,51,29,2,31,22,45,6,98,33,0,10,2,11,42,1,55,3,-1,335,-1,-1,14,67,20,36,36,82,1,NA,35620,51000,40.788092,-73.950656,NY,270925,9,1
6,Public Housing,2,NA,LESTER W. PATTERSON,NY005000240,1788,95,1606,95,7,3,2.2,3494,607,1364,23715,10900,4,11,27,12,45,40,10,47,19,96,81,3,32,83,31,26,56,30,1,37,24,37,4,100,34,0,0,0,32,30,3,65,6,-1,296,-1,-1,5,62,33,42,54,97,2,NA,35620,51000,40.814962,-73.923906,NY,270925,9,1
6,Public Housing,2,NA,SEN. ROBERT F. WAGNER SR.,NY005010740,2154,95,1708,83,8,3,2,3456,645,1364,26205,12951,5,9,26,13,47,36,9,54,22,92,77,2,26,80,25,33,55,35,1,32,25,42,6,98,42,0,4,2,11,39,2,52,5,-1,340,-1,-1,9,64,27,44,43,94,0,NA,35620,51000,40.800182,-73.930329,NY,270925,9,1
6,Public Housing,2,NA,GENERAL GRANT,NY005000870,1940,93,1652,91,8,0,2.1,3440,680,1364,27823,13362,5,11,24,11,49,37,11,52,23,91,75,2,26,79,25,29,56,33,1,29,24,46,6,99,43,0,3,1,16,35,1,53,4,-1,351,-1,-1,9,62,29,40,25,78,2,NA,35620,51000,40.814936,-73.958458,NY,270925,9,1
6,Public Housing,2,NA,WALD,NY005000230,1861,96,1724,97,7,2,2,3416,628,1364,25943,13093,6,9,27,12,46,34,8,56,21,92,78,3,19,69,18,23,58,31,2,26,20,51,5,98,20,0,15,2,10,52,1,63,3,-1,357,-1,-1,9,58,34,45,45,98,1,NA,35620,51000,40.720893,-73.977825,NY,270925,9,1
6,Public Housing,2,NA,INGERSOLL,NY005000140,1712,92,1406,90,7,0,2.3,3227,679,1364,27452,11961,5,10,23,13,49,45,10,44,22,92,77,6,25,72,26,20,49,22,1,33,27,39,3,99,49,0,21,1,10,17,1,28,3,-1,277,-1,-1,11,50,39,36,34,87,2,NA,35620,51000,40.695468,-73.978413,NY,270925,9,1
6,Public Housing,2,NA,BARUCH,NY005010600,2390,94,1683,75,9,3,1.9,3205,611,1364,25267,13268,3,8,30,16,43,29,6,65,21,93,80,2,16,71,15,31,58,40,1,20,19,61,9,97,17,0,22,3,10,47,1,58,3,-1,358,-1,-1,23,51,27,40,41,98,0,NA,35620,51000,40.716986,-73.980255,NY,270925,9,1
6,Public Housing,2,NA,EAST RIVER,NY005010090,2072,91,1544,82,7,2,2,3138,610,1364,24757,12181,5,11,30,13,42,32,10,58,20,94,81,2,24,74,23,31,63,38,1,31,20,49,7,98,31,1,10,2,14,40,2,56,5,-1,291,-1,-1,35,30,35,31,34,89,0,NA,35620,51000,40.785235,-73.946607,NY,270925,9,1
6,Public Housing,2,NA,BUTLER,NY005001130,1476,95,1191,85,8,4,2.6,3069,610,1364,24340,9446,6,9,27,13,44,42,10,47,19,96,81,5,33,77,32,25,48,25,2,36,28,35,3,99,39,0,0,1,29,30,2,60,4,-1,259,-1,-1,21,25,55,34,43,99,1,NA,35620,51000,40.835101,-73.90775,NY,270925,9,
6,Public Housing,2,NA,WHITMAN,NY005005140,1636,94,1379,90,7,3,2.2,3023,603,1364,24426,11143,9,11,23,12,45,39,12,47,20,94,81,3,29,74,29,24,46,26,3,39,22,36,3,99,58,1,11,1,11,16,1,28,4,-1,276,-1,-1,13,52,36,36,32,93,1,NA,35620,51000,40.695743,-73.976098,NY,270925,9,
6,Public Housing,2,NA,JACOB RIIS,NY005010180,1764,95,1463,87,7,3,2,2995,672,1364,27658,13510,3,9,26,13,49,35,8,56,22,92,76,2,22,76,21,29,57,35,1,29,20,50,6,97,22,0,16,3,9,48,2,59,3,-1,367,-1,-1,5,64,31,45,54,98,0,NA,35620,51000,40.724016,-73.973836,NY,270925,9,
6,Public Housing,2,NA,VAN DYKE I,NY005000610,1600,94,1326,88,7,3,2.2,2882,681,1364,27593,12695,5,13,19,10,52,45,12,42,22,92,73,2,34,84,34,27,55,28,1,43,27,29,2,99,67,1,1,1,9,21,1,31,3,-1,287,-1,-1,10,68,21,36,47,99,0,NA,35620,51000,40.667951,-73.903626,NY,270925,9,
6,Public Housing,2,NA,ANDREW JACKSON,NY005012670,1711,93,1361,85,7,2,2.1,2853,562,1364,22603,10783,7,9,33,12,39,33,9,56,18,96,83,2,26,77,24,30,56,35,1,29,20,50,7,99,33,0,0,1,20,41,4,66,7,-1,276,-1,-1,30,30,39,36,37,98,3,NA,35620,51000,40.824066,-73.917599,NY,270925,9,
6,Public Housing,2,NA,JOHN P. MITCHEL,NY005011450,1730,92,1333,84,8,3,2.1,2795,616,1364,24697,11779,5,10,29,12,44,38,10,50,20,94,80,3,29,78,28,20,52,24,1,34,22,43,5,99,28,0,0,1,24,44,2,70,3,-1,261,-1,-1,41,33,26,25,40,99,1,NA,35620,51000,40.808745,-73.923477,NY,270925,9,
6,Public Housing,2,NA,POLO GROUNDS TOWERS,NY005001490,1614,91,1219,83,8,1,2.3,2793,635,1364,25692,11213,5,11,25,12,46,38,10,52,21,93,78,3,32,78,31,30,52,31,1,34,24,40,5,98,50,1,3,2,21,22,1,44,4,-1,309,-1,-1,21,39,40,35,46,99,1,NA,35620,51000,40.83067,-73.936477,NY,270925,9,
6,Public Housing,2,NA,BRONX RIVER & ADDITION,NY005010320,1551,90,1286,92,7,3,2.2,2786,524,1364,21087,9734,7,10,33,12,38,33,9,57,17,97,86,2,28,78,27,29,60,35,1,33,20,46,5,99,31,0,0,1,15,51,2,67,5,-1,275,6,62,17,49,33,34,31,99,2,NA,35620,51000,40.832661,-73.877056,NY,270925,9,
6,Public Housing,2,NA,QUEENSBRIDGE,NY005000050,1587,93,1407,95,7,5,2,2775,599,1364,24405,12374,7,12,24,13,44,36,11,51,20,93,80,2,27,77,26,24,51,28,2,34,22,41,4,97,48,1,11,3,8,28,2,38,3,-1,265,-1,-1,44,42,14,23,35,98,0,NA,35620,51000,40.754598,-73.94397,NY,270925,9,1
6,Public Housing,2,NA,LA GUARDIA,NY005010760,1491,95,1349,95,7,3,2,2738,685,1364,28525,14054,3,9,27,15,47,33,6,61,23,91,78,2,19,67,18,26,55,33,1,23,17,59,12,98,18,0,32,2,10,37,1,48,2,-1,347,-1,-1,19,52,29,36,42,89,1,NA,35620,51000,40.710664,-73.986613,NY,270925,9,
6,Public Housing,2,NA,PARKSIDE,NY005010470,1611,97,1421,91,8,5,1.9,2690,625,1364,25399,13417,7,11,24,12,45,33,12,54,21,92,76,1,30,79,29,31,56,33,2,38,21,39,3,99,44,0,0,1,20,33,2,54,6,-1,274,-1,-1,30,65,5,29,31,97,5,NA,35620,51000,40.877065,-73.86596,NY,270925,9,
6,Public Housing,2,NA,QUEENSBRIDGE,NY005005050,1534,95,1392,96,6,5,1.9,2690,615,1364,24904,12887,7,12,25,13,43,35,11,52,20,93,78,2,27,76,26,23,49,26,3,34,22,42,3,97,46,1,13,3,7,29,1,38,3,-1,257,-1,-1,44,43,13,21,29,89,0,NA,35620,51000,40.75543,-73.943407,NY,270925,9,1
6,Public Housing,2,NA,LOUIS HEATON PINK,NY005000890,1500,93,1194,85,8,1,2.2,2686,606,1364,24558,10917,7,11,25,12,45,39,13,45,20,94,79,2,34,82,33,27,60,31,1,39,26,35,3,99,56,0,1,1,13,26,4,42,5,-1,279,-1,-1,18,46,36,34,43,99,1,NA,35620,51000,40.667158,-73.867913,NY,270925,9,
6,Public Housing,2,NA,ST NICHOLAS,NY005000380,1522,93,1279,91,7,0,2.1,2675,647,1364,26266,12558,6,11,25,13,46,37,9,51,21,92,75,2,29,79,28,22,58,25,1,34,25,40,3,99,58,0,1,1,14,25,1,40,3,-1,355,-1,-1,9,65,26,40,33,92,1,NA,35620,51000,40.812152,-73.947543,NY,270925,9,
6,Public Housing,2,NA,VLADECK,NY005010060,1763,94,1449,87,7,2,1.8,2658,619,1364,26128,14244,3,10,27,16,44,33,6,60,22,92,80,2,18,67,17,25,57,34,1,24,18,57,7,96,18,0,31,4,8,37,2,47,3,-1,302,-1,-1,40,47,13,26,29,78,1,NA,35620,51000,40.711488,-73.983654,NY,270925,9,
6,Public Housing,2,NA,MARCY,NY005000210,1706,97,1252,76,8,1,2.1,2649,680,1364,27856,13166,4,7,28,12,50,42,6,51,23,92,75,2,24,83,24,25,54,26,1,29,28,42,4,99,40,0,2,1,16,39,2,57,5,-1,328,-1,-1,6,58,36,46,40,89,0,NA,35620,51000,40.696535,-73.949654,NY,270925,9,
6,Public Housing,2,NA,FARRAGUT,NY005000290,1389,95,1259,96,8,0,2.1,2640,649,1364,26549,12661,6,11,23,13,47,40,9,50,22,92,76,3,26,77,25,28,49,29,1,33,23,42,4,98,55,1,11,2,10,21,1,32,2,-1,342,-1,-1,11,55,33,42,56,98,0,NA,35620,51000,40.698507,-73.982496,NY,270925,9,
6,Public Housing,2,NA,SEN. ROBERT A. TAFT,NY005010970,1562,90,1329,95,7,0,2,2616,653,1364,26930,13681,7,9,23,11,49,35,10,52,22,92,74,2,27,78,26,30,50,32,1,35,21,43,6,99,44,1,4,1,12,36,1,50,3,-1,351,-1,-1,17,62,21,39,30,90,1,NA,35620,51000,40.798674,-73.947671,NY,270925,9,
6,Public Housing,2,NA,AMSTERDAM,NY005010220,1459,95,1362,99,7,2,1.9,2568,645,1364,27079,14362,5,7,27,14,47,34,7,58,23,92,76,2,20,74,19,29,56,35,1,29,18,52,9,93,35,0,10,7,10,35,2,48,5,-1,361,-1,-1,20,54,26,40,17,75,0,NA,35620,51000,40.768131,-73.990704,NY,270925,9,
6,Public Housing,2,NA,CYPRESS HILLS,NY005010700,1506,95,1209,85,7,3,2.1,2568,616,1364,24597,11580,8,10,26,13,43,39,11,49,20,94,79,2,29,81,28,24,54,28,1,35,26,37,2,99,51,1,2,1,11,33,1,45,5,-1,275,-1,-1,14,56,29,37,51,99,1,NA,35620,51000,40.672525,-73.872477,NY,270925,9,
6,Public Housing,2,NA,JUSTICE SONIA SOTOMAYOR HOUSES,NY005010670,1722,92,1325,83,8,3,1.9,2548,595,1364,23985,12473,4,9,29,14,44,31,9,59,20,94,81,2,26,82,25,32,59,36,1,32,21,46,5,99,34,0,1,1,18,45,2,65,7,-1,299,-1,-1,22,53,25,38,52,98,3,NA,35620,51000,40.835055,-73.850566,NY,270925,9,
6,Public Housing,2,NA,WOODSIDE,NY005000330,1356,96,1266,97,6,4,2,2548,662,1364,27491,13659,4,11,23,13,49,34,9,56,23,91,75,2,24,77,24,27,51,32,1,30,18,51,6,94,35,0,11,6,7,39,1,47,3,-1,346,-1,-1,6,70,24,44,23,85,0,NA,35620,51000,40.754536,-73.909974,NY,270925,9,
6,Public Housing,2,NA,THROGGS NECK,NY005010630,1720,94,1265,79,8,2,2,2537,572,1364,23065,11501,5,12,29,12,41,30,10,57,19,94,82,2,29,78,29,31,57,35,2,37,18,44,5,98,31,0,1,2,18,46,1,65,7,-1,285,-1,-1,30,52,18,29,36,96,2,NA,35620,51000,40.821908,-73.826541,NY,270925,9,
6,Public Housing,2,NA,BREUKELEN,NY005000560,1594,94,1215,81,7,3,2.1,2528,669,1364,27509,13221,7,9,22,10,52,39,9,48,23,90,73,2,31,84,31,24,46,27,2,39,22,37,4,99,73,1,1,1,12,11,2,25,4,-1,321,-1,-1,12,58,30,42,40,99,1,NA,35620,51000,40.648709,-73.898267,NY,270925,9,
6,Public Housing,2,NA,MILL BROOK & EXTENSION,NY005010840,1377,94,1158,89,7,3,2.2,2494,561,1364,22396,10399,8,12,27,12,41,37,12,49,18,95,84,2,33,80,33,28,61,33,1,40,22,37,4,99,34,0,0,1,24,37,3,65,9,-1,303,-1,-1,12,59,29,40,54,99,0,NA,35620,51000,40.805454,-73.916822,NY,270925,9,
6,Public Housing,2,NA,ASTORIA,NY005000260,1103,96,1001,94,6,3,2.5,2476,735,1364,30322,12259,7,8,21,11,54,42,9,47,23,91,73,2,31,81,31,31,48,32,0,35,27,38,4,97,51,1,4,3,11,29,1,42,3,-1,316,-1,-1,2,45,53,44,42,89,0,NA,35620,51000,40.774697,-73.933901,NY,270925,9,
6,Public Housing,2,NA,SURFSIDE GARDENS,NY005011700,1504,93,1232,88,6,4,2,2466,619,1364,25348,12663,4,9,32,14,41,28,9,62,20,94,81,3,22,76,22,25,64,33,1,25,19,55,9,75,39,0,9,25,6,19,1,26,3,-1,272,-1,-1,29,44,27,32,36,74,0,NA,35620,51000,40.575078,-73.992265,NY,270925,9,
6,Public Housing,2,NA,CASTLE HILL,NY005020800,1617,96,1142,74,9,4,2.1,2420,639,1364,26035,12286,5,10,27,10,48,34,9,57,21,92,78,2,28,81,27,33,65,37,1,29,25,45,5,99,32,0,1,1,19,45,3,67,8,-1,315,-1,-1,14,45,41,46,39,99,7,NA,35620,51000,40.818067,-73.844874,NY,270925,9,
6,Public Housing,2,NA,JEFFERSON,NY005010640,1659,94,1221,78,8,1,1.9,2363,622,1364,25437,13144,5,8,30,13,44,31,8,60,21,93,79,2,23,78,22,33,56,39,1,26,21,52,9,98,30,0,6,2,18,42,2,62,3,-1,343,-1,-1,19,58,23,39,43,89,0,NA,35620,51000,40.79741,-73.937096,NY,270925,9,
6,Public Housing,2,NA,TOMPKINS,NY005011310,1045,96,945,95,8,2,2.5,2362,633,1364,25680,10274,5,13,24,11,46,37,10,50,20,93,78,5,31,79,30,30,56,30,2,37,26,36,4,99,49,1,1,1,9,37,1,47,4,-1,296,-1,-1,18,29,53,37,44,90,0,NA,35620,51000,40.697964,-73.944951,NY,270925,9,
6,Public Housing,2,NA,GRAVESEND,NY005011720,1323,90,1138,96,7,4,2.1,2352,616,1364,25099,12144,6,11,27,11,45,33,11,56,20,94,79,3,26,78,25,24,51,29,2,33,21,45,4,84,50,1,5,16,7,21,0,28,3,-1,282,-1,-1,33,44,23,25,38,78,1,NA,35620,51000,40.573944,-74.000725,NY,270925,9,
6,Public Housing,2,NA,J.W. JOHNSON,NY005000170,1297,96,1089,88,7,2,2.1,2331,676,1364,27927,13047,6,9,23,11,51,39,9,51,23,92,76,3,26,77,26,28,47,30,1,32,23,43,4,99,35,0,7,1,14,40,2,56,3,-1,324,-1,-1,7,64,29,41,32,88,1,NA,35620,51000,40.796973,-73.942574,NY,270925,9,
6,Public Housing,2,NA,JAMES MONROE,NY005000880,1101,95,991,95,7,4,2.3,2271,643,1364,26116,11396,3,9,28,12,49,36,8,54,21,94,79,3,34,81,34,28,61,33,1,38,23,37,3,99,33,1,1,1,19,44,2,65,4,-1,287,-1,-1,16,45,39,36,24,99,1,NA,35620,51000,40.823543,-73.864982,NY,270925,9,
6,Public Housing,2,NA,SOUNDVIEW,NY005000710,1257,97,1040,85,8,4,2.2,2256,562,1364,22761,10492,7,11,28,11,43,38,10,50,18,96,82,3,30,81,30,28,63,34,1,35,26,38,3,99,34,0,0,1,23,40,2,65,3,-1,288,-1,-1,10,59,31,39,53,99,0,NA,35620,51000,40.818374,-73.867731,NY,270925,9,
6,Public Housing,2,NA,LINCOLN,NY005000200,1282,91,1056,91,8,-1,2.1,2240,636,1364,25728,12129,7,11,26,12,45,36,12,52,21,93,77,2,28,82,28,30,52,30,2,34,25,39,4,99,56,0,2,1,19,22,1,41,5,-1,318,-1,-1,4,63,33,46,36,96,3,NA,35620,51000,40.811775,-73.93599,NY,270925,9,
6,Public Housing,2,NA,KINGSBOROUGH,NY005010100,1344,94,1162,92,8,8,1.9,2238,594,1364,23889,12403,6,13,28,12,42,32,13,54,20,93,79,2,32,79,31,28,54,31,3,39,20,38,4,98,71,1,3,2,9,13,1,23,2,-1,218,-1,-1,52,34,14,15,42,95,1,NA,35620,51000,40.67535,-73.924719,NY,270925,9,
6,Public Housing,2,NA,BROWNSVILLE,NY005000160,1324,93,1026,83,8,3,2.2,2215,658,1364,26604,12323,7,10,22,11,50,41,12,43,22,92,76,2,33,82,32,19,49,21,2,40,26,31,3,99,71,0,0,1,5,23,0,28,4,-1,293,-1,-1,7,59,33,41,38,99,1,NA,35620,51000,40.665789,-73.909738,NY,270925,9,
6,Public Housing,2,NA,MELROSE,NY005010280,1242,96,1057,89,7,4,2.1,2201,530,1364,21379,10267,7,10,30,15,39,33,8,56,18,96,86,2,27,79,27,26,50,29,2,30,23,45,6,99,32,0,0,1,20,45,2,67,5,-1,286,-1,-1,15,53,31,40,44,98,1,NA,35620,51000,40.819847,-73.919418,NY,270925,9,
6,Public Housing,2,NA,KING TOWERS,NY005010300,1374,93,1072,83,7,0,2,2178,668,1364,27424,13498,6,9,24,12,48,39,9,51,22,90,75,2,25,77,24,29,52,33,1,34,24,41,4,99,56,1,4,1,16,21,2,39,4,-1,360,-1,-1,11,61,29,43,37,93,0,NA,35620,51000,40.799003,-73.947916,NY,270925,9,
6,Public Housing,2,NA,ALBANY I & II,NY005010310,1221,93,1002,88,7,3,2.2,2175,625,1364,24931,11485,6,11,25,11,47,39,11,48,20,93,79,2,32,83,31,27,50,28,1,36,28,34,3,99,70,0,3,1,10,15,1,26,3,-1,291,-1,-1,10,64,26,36,43,91,1,NA,35620,51000,40.672931,-73.938189,NY,270925,9,
6,Public Housing,2,NA,CARVER,NY005000580,1246,98,1077,88,7,3,2,2171,678,1364,27440,13613,6,9,25,13,47,33,10,57,23,90,76,3,23,77,23,31,61,37,2,28,24,45,6,97,35,1,5,3,14,41,2,57,4,-1,335,-1,-1,10,63,27,43,43,81,0,NA,35620,51000,40.789031,-73.951933,NY,270925,9,
6,Public Housing,2,NA,GOWANUS,NY005000250,1134,95,1025,96,7,0,2.1,2171,715,1364,30089,14206,5,8,23,11,53,40,7,53,24,89,73,2,24,79,24,24,51,29,1,29,26,44,5,98,48,0,6,2,11,31,2,43,2,-1,362,-1,-1,6,60,34,45,27,80,1,NA,35620,51000,40.683762,-73.988601,NY,270925,9,
6,Public Housing,2,NA,GERALD J.CAREY GARDENS,NY005011660,1253,94,1122,95,7,5,1.9,2169,511,1364,20672,10694,4,9,41,14,32,24,9,66,17,96,88,2,20,73,19,29,75,42,1,24,14,61,13,67,35,1,10,33,6,16,1,22,4,-1,239,-1,-1,53,25,22,23,49,77,3,NA,35620,51000,40.575105,-73.99011,NY,270925,9,
6,Public Housing,2,NA,MARLBORO,NY005020830,1413,95,1045,78,8,5,2.1,2154,663,1364,27502,13342,3,6,27,14,50,35,5,59,22,93,78,4,18,72,17,26,50,30,1,20,21,58,4,93,33,0,26,7,7,25,2,34,3,-1,309,-1,-1,10,56,35,42,39,92,1,NA,35620,51000,40.591454,-73.983039,NY,270925,9,
6,Public Housing,2,NA,SAMUEL GOMPERS,NY005011000,1505,92,1174,85,8,2,1.8,2125,596,1364,24963,13791,3,7,34,15,41,27,5,67,21,93,81,2,13,68,12,32,56,41,1,17,16,67,13,93,16,0,34,7,10,31,2,43,4,-1,311,12,60,43,34,23,27,25,70,1,NA,35620,51000,40.718902,-73.981962,NY,270925,9,
6,Public Housing,2,NA,PELHAM PARKWAY,NY005010390,1265,96,1111,91,7,5,1.9,2082,652,1364,26804,14303,6,11,25,10,48,35,12,52,22,92,74,1,29,80,28,21,61,29,2,37,21,40,4,95,37,0,0,5,15,40,1,57,5,-1,292,-1,-1,26,67,8,30,39,85,5,NA,35620,51000,40.862386,-73.865954,NY,270925,9,
6,Public Housing,2,NA,GLENWOOD,NY005000440,1187,95,1032,92,7,5,2,2048,671,1364,27402,13808,8,12,21,12,46,38,14,46,23,90,73,1,31,82,29,25,48,28,3,39,24,35,3,97,78,1,1,3,9,8,1,18,4,-1,272,-1,-1,21,68,11,28,40,98,3,NA,35620,51000,40.633565,-73.922407,NY,270925,9,
6,Public Housing,2,NA,RED HOOK II,NY005000790,1464,91,1019,77,8,5,2,2037,616,1364,25394,12703,5,11,25,14,44,37,10,52,21,93,79,2,27,78,27,29,52,32,2,32,25,41,4,97,44,1,7,3,9,36,2,46,3,-1,289,0,191,33,48,19,27,38,89,0,NA,35620,51000,40.676288,-74.00902,NY,270925,9,1
6,Public Housing,2,NA,MARBLE HILL,NY005020490,1425,96,1115,82,8,6,1.8,2030,591,1364,24188,13285,4,11,27,14,43,32,8,58,21,93,79,2,27,82,27,26,51,30,2,32,21,46,6,99,32,1,0,1,23,40,2,66,6,-1,303,-1,-1,25,72,2,33,37,93,2,NA,35620,51000,40.874807,-73.909037,NY,270925,9,
6,Public Housing,2,NA,MOTT HAVEN,NY005001210,992,93,850,92,7,3,2.4,2016,654,1364,26680,11249,7,11,22,12,48,43,11,44,21,92,79,3,36,80,36,23,50,27,2,41,22,35,2,98,40,0,0,2,16,40,1,58,4,-1,287,-1,-1,29,31,40,29,47,98,5,NA,35620,51000,40.811492,-73.922501,NY,270925,9,
6,Public Housing,2,NA,STANLEY ISAACS,NY005011390,1320,96,1187,94,8,6,1.7,2010,590,1364,24462,14446,5,11,33,12,39,27,9,63,21,93,79,1,22,74,21,31,59,39,2,26,19,53,7,89,34,1,10,11,13,32,1,46,5,-1,282,-1,-1,62,24,14,18,15,44,1,NA,35620,51000,40.780523,-73.945734,NY,270925,9,
6,Public Housing,2,NA,SUMNER,NY005010730,1416,94,1025,77,8,3,2,2009,636,1364,26494,13518,5,8,26,13,47,35,6,57,22,92,77,2,23,81,22,29,56,32,2,28,24,47,5,99,43,0,3,1,8,43,1,53,4,-1,329,6,62,15,57,28,43,31,97,0,NA,35620,51000,40.6959,-73.939472,NY,270925,9,
6,Public Housing,2,NA,SOUTH JAMAICA II,NY005010080,1040,93,900,93,6,5,2.2,1957,643,1364,25853,11889,6,14,19,13,48,40,14,44,21,93,78,2,37,84,38,26,54,30,2,46,22,30,3,99,74,1,2,1,8,13,1,22,4,-1,270,-1,-1,25,54,21,27,12,98,18,NA,35620,51000,40.69607,-73.794839,NY,270925,9,
6,Public Housing,2,NA,ELEANOR ROOSEVELT I,NY005011350,1102,96,913,86,7,3,2.1,1933,610,1364,24873,11748,5,10,31,12,42,33,9,57,20,93,81,3,27,77,27,28,62,35,2,31,19,48,7,98,47,0,4,2,12,33,2,47,3,-1,289,-1,-1,34,33,34,31,30,82,2,NA,35620,51000,40.693768,-73.936987,NY,270925,9,
6,Public Housing,2,NA,RED HOOK I (EAST),NY005000040,1405,88,1010,82,7,3,1.9,1899,600,1364,24030,12781,5,11,29,13,42,34,11,52,20,94,77,2,24,79,24,27,56,31,1,31,23,45,4,98,45,0,9,2,14,28,2,44,3,-1,284,-1,-1,39,48,13,25,38,91,0,NA,35620,51000,40.673897,-74.002494,NY,270925,9,1
6,Public Housing,2,NA,LAFAYETTE,NY005001220,882,93,722,88,7,2,2.4,1764,684,1364,28984,11863,7,9,23,11,50,37,9,51,23,91,74,3,32,80,31,26,56,28,2,34,27,38,3,98,65,0,2,2,11,19,1,31,4,-1,314,-1,-1,18,31,51,37,30,71,1,NA,35620,51000,40.689298,-73.956518,NY,270925,9,
6,Public Housing,2,NA,BAY VIEW,NY005020920,1268,94,904,76,9,2,1.9,1751,680,1364,28136,14526,6,9,23,12,50,35,10,54,24,89,73,1,28,80,28,31,48,31,1,38,20,40,4,94,69,0,1,6,7,16,1,24,4,-1,296,-1,-1,8,77,15,44,38,96,0,NA,35620,51000,40.632688,-73.884011,NY,270925,9,
6,Public Housing,2,NA,BUSHWICK,NY005020860,1011,95,847,88,8,4,2.1,1739,614,1364,25167,12258,5,10,28,12,46,34,7,57,20,94,79,2,25,79,23,32,66,39,1,30,22,47,5,99,36,1,1,1,12,48,1,61,2,-1,337,-1,-1,19,44,37,42,39,90,0,NA,35620,51000,40.70207,-73.937014,NY,270925,9,
6,Public Housing,2,NA,JOHN ADAMS,NY005001180,925,95,771,87,8,7,2.2,1721,599,1364,23776,10652,6,13,26,12,45,36,12,48,19,96,81,3,32,83,32,25,55,28,3,35,23,38,4,99,30,0,1,1,22,45,2,68,4,-1,266,-1,-1,30,32,38,32,41,99,2,NA,35620,51000,40.816132,-73.90494,NY,270925,9,
6,Public Housing,2,NA,LANGSTON HUGHES APTS,NY005011680,1026,96,937,95,7,7,1.8,1706,529,1364,21581,11853,5,10,38,12,35,26,8,65,18,96,86,2,20,72,20,21,52,31,1,24,13,63,9,98,53,0,8,2,10,19,8,37,4,-1,199,-1,-1,60,19,21,15,44,99,0,NA,35620,51000,40.664281,-73.902362,NY,270925,9,
6,Public Housing,2,NA,HAMMEL,NY005010750,879,94,760,92,7,3,2.2,1701,544,1364,21404,9563,8,16,28,9,39,36,14,48,17,96,82,2,37,82,37,31,73,34,2,44,23,31,2,96,61,1,2,4,6,25,1,33,5,-1,251,-1,-1,18,58,24,29,22,83,13,NA,35620,51000,40.590724,-73.800505,NY,270925,9,
6,Public Housing,2,NA,ROBERT FULTON,NY005001360,944,92,819,94,7,-1,2.1,1688,760,1364,32163,15605,4,6,23,12,54,35,5,58,26,87,70,3,18,67,17,41,51,36,1,24,23,52,5,90,23,0,15,10,10,40,2,52,6,-1,351,-1,-1,36,31,33,30,18,50,1,NA,35620,51000,40.743108,-74.004999,NY,270925,9,
6,Public Housing,2,NA,DANIEL WEBSTER,NY005011410,812,96,709,91,7,4,2.4,1686,604,1364,23845,10027,6,12,27,13,41,39,12,48,19,95,80,3,36,80,33,26,58,29,2,39,24,35,2,99,43,1,-1,1,16,38,2,56,4,-1,272,-1,-1,31,30,39,31,39,98,1,NA,35620,51000,40.833208,-73.909023,NY,270925,9,
6,Public Housing,2,NA,GEN. CHARLES W. BERRY,NY005000520,1008,89,862,96,7,0,1.9,1665,655,1364,27368,14169,5,8,28,11,48,34,8,55,23,90,74,2,30,81,29,31,60,32,1,38,22,38,2,81,46,1,2,19,7,22,3,32,4,-1,273,-1,-1,25,70,5,27,22,62,23,NA,35620,51000,40.587401,-74.103298,NY,270925,9,
6,Public Housing,2,NA,DYCKMAN,NY005000410,1167,95,928,84,7,5,1.7,1623,634,1364,26179,14969,5,9,29,11,45,30,8,62,22,92,77,2,20,79,20,26,62,36,1,24,20,54,6,99,25,-1,1,1,27,45,1,73,4,-1,319,-1,-1,24,68,8,37,34,98,1,NA,35620,51000,40.859781,-73.922604,NY,270925,9,
6,Public Housing,2,NA,SETH LOW,NY005011690,975,93,725,80,7,2,2.2,1570,598,1364,24305,11223,8,10,24,13,45,38,12,47,19,94,80,3,35,80,34,25,52,27,3,42,23,33,4,99,69,1,2,1,11,15,1,27,4,-1,272,-1,-1,38,34,28,26,64,97,0,NA,35620,51000,40.669422,-73.904771,NY,270925,9,
6,Public Housing,2,NA,UNITY PLAZA SITES 4-27,NY005012610,857,88,695,92,8,1,2.3,1568,669,1364,27390,12140,8,10,22,11,49,44,11,44,22,92,76,3,36,82,36,28,57,31,1,42,26,30,2,99,57,1,1,1,19,21,-1,40,3,-1,268,25,61,25,45,31,33,40,98,0,NA,35620,51000,40.666989,-73.896792,NY,270925,9,
6,Public Housing,2,NA,EASTCHESTER GARDENS,NY005010340,1002,82,709,86,7,-1,2.2,1555,626,1364,25079,11435,6,10,24,11,50,35,12,53,20,95,78,2,30,82,30,34,59,36,2,37,25,36,4,98,44,1,-1,2,12,41,1,53,3,-1,323,-1,-1,10,46,44,43,25,96,8,NA,35620,51000,40.844389,-73.829256,NY,270925,9,
6,Public Housing,2,NA,RALPH J. RANGEL,NY005000370,983,94,745,81,8,1,2,1512,640,1364,27162,13383,6,11,24,12,47,35,12,49,23,91,76,2,29,81,28,29,51,29,1,35,24,40,3,99,53,1,1,1,20,23,2,45,5,-1,316,-1,-1,9,71,20,39,46,99,1,NA,35620,51000,40.833062,-73.935467,NY,270925,9,
6,Public Housing,2,NA,LEWIS H. LATIMER GARDENS,NY005011860,918,97,828,93,7,4,1.8,1486,636,1364,26143,14567,5,10,30,16,39,30,7,61,22,91,78,1,17,72,16,33,57,39,1,25,20,54,10,95,35,1,22,5,6,30,2,37,3,-1,282,-1,-1,41,43,16,28,19,94,1,NA,35620,51000,40.765756,-73.83107,NY,270925,9,
6,Public Housing,2,NA,DE WITT CLINTON,NY005001230,748,98,672,92,7,3,2.2,1455,661,1364,26583,12277,4,11,28,10,48,32,10,56,21,92,78,3,27,73,25,29,54,29,2,32,20,46,6,98,38,-1,9,2,15,34,2,51,4,-1,314,-1,-1,26,34,39,34,28,85,1,NA,35620,51000,40.794331,-73.944991,NY,270925,9,
6,Public Housing,2,NA,SEDGEWICK,NY005010450,931,96,819,92,6,3,1.8,1435,557,1364,22632,12917,4,10,33,13,39,31,8,60,19,96,82,1,21,78,21,19,51,29,1,27,17,55,8,99,32,0,0,1,18,44,4,66,5,-1,276,-1,-1,37,63,-1,26,44,99,1,NA,35620,51000,40.852713,-73.918238,NY,270925,9,
6,Public Housing,2,NA,BAISLEY PARK,NY005010910,894,95,829,97,6,7,1.7,1390,534,1364,21961,13098,4,10,36,17,33,20,6,74,18,96,84,1,17,76,17,33,66,47,1,18,10,72,14,97,50,1,17,3,6,19,4,29,3,-1,218,32,57,65,22,14,13,20,98,8,NA,35620,51000,40.706214,-73.788932,NY,270925,9,
6,Public Housing,2,NA,BCH.41 ST/BCH. CHANNEL DR,NY005001650,712,93,628,95,6,8,2.2,1380,641,1364,25895,11784,4,13,22,14,47,40,13,45,21,95,78,1,42,82,41,28,72,27,3,43,26,28,2,98,66,0,3,2,6,21,2,29,4,-1,231,-1,-1,40,40,20,21,36,99,23,NA,35620,51000,40.596336,-73.77222,NY,270925,9,
6,Public Housing,2,NA,HIGHBRIDGE GARDENS,NY005000780,699,95,639,96,7,5,2.1,1368,651,1364,26875,12554,5,7,24,13,51,42,8,48,22,93,76,3,29,82,29,31,58,32,1,34,25,40,3,98,36,0,1,2,29,31,1,61,5,-1,287,-1,-1,11,64,25,37,33,98,1,NA,35620,51000,40.835959,-73.929666,NY,270925,9,
6,Public Housing,2,NA,COOPER PARK,NY005000690,699,97,638,94,7,6,2.1,1350,631,1364,26438,12494,5,10,26,13,47,34,10,53,22,90,78,2,31,84,31,28,56,31,2,38,19,41,4,98,49,1,1,2,14,32,1,46,4,-1,325,-1,-1,10,63,26,38,40,81,0,NA,35620,51000,40.717835,-73.937061,NY,270925,9,
6,Public Housing,2,NA,REDFERN,NY005000550,603,94,536,95,7,4,2.5,1325,674,1364,27674,11195,6,10,25,11,49,41,11,45,21,92,78,3,37,85,38,31,62,32,2,42,26,30,4,97,63,2,2,3,10,19,1,31,4,-1,285,-1,-1,9,51,40,38,31,97,5,NA,35620,51000,40.611607,-73.747721,NY,270925,9,
6,Public Housing,2,NA,BREVOORT,NY005000650,894,96,655,76,8,5,2,1301,696,1364,28370,14283,7,9,21,11,52,38,11,50,24,89,71,2,30,82,29,24,42,25,1,38,24,37,5,99,78,1,1,1,8,10,1,20,3,-1,346,-1,-1,11,61,29,44,23,88,1,NA,35620,51000,40.679128,-73.923288,NY,270925,9,
6,Public Housing,2,NA,WYCKOFF GARDENS,NY005011630,827,91,671,89,8,0,1.9,1279,684,1364,27886,14630,5,9,26,11,48,35,9,54,24,89,73,2,21,75,21,30,58,36,1,32,20,47,6,98,51,-1,4,2,12,29,2,42,4,-1,330,-1,-1,36,31,32,32,27,73,0,NA,35620,51000,40.684186,-73.971034,NY,270925,9,
6,Public Housing,2,NA,DREW HAMILTON,NY005021110,928,92,598,70,9,1,2.1,1232,613,1364,24873,12073,10,7,28,11,44,34,11,53,20,93,79,2,25,70,24,35,63,37,3,31,25,41,5,98,60,1,3,2,19,15,1,35,4,-1,317,-1,-1,36,17,46,34,29,91,0,NA,35620,51000,40.820664,-73.941233,NY,270925,9,
6,Public Housing,2,NA,RICHMOND TERRACE,NY005011170,866,87,673,89,7,5,1.8,1210,504,1364,20231,11253,5,10,39,13,33,19,9,70,17,96,87,0,21,74,19,33,58,41,1,23,12,64,7,81,41,0,12,19,6,20,2,28,5,-1,200,-1,-1,60,19,21,16,23,78,18,NA,35620,51000,40.642004,-74.097172,NY,270925,9,
6,Public Housing,2,NA,BORINQUEN PLAZA STAGE I,NY005012430,934,95,635,71,8,3,1.9,1208,652,1364,27069,14229,4,5,30,12,48,28,5,65,22,91,77,2,16,78,16,37,59,43,1,18,19,62,9,98,16,0,1,2,9,68,3,80,2,-1,329,-1,-1,22,35,43,47,35,74,3,NA,35620,51000,40.703495,-73.94355,NY,270925,9,
6,Public Housing,2,NA,PIONEER HOMES,NY001000070,597,97,580,100,6,13,2,1182,339,803,19322,9481,14,7,24,10,46,41,9,27,26,83,68,1,48,72,44,12,64,9,10,67,14,10,1,93,67,0,0,7,8,17,1,26,7,25,100,-1,-1,35,52,13,10,73,84,4,NA,45060,73000,43.040201,-76.145042,NY,6552,7,
6,Public Housing,2,NA,SAINT MARYS PARK,NY005020930,797,93,601,81,8,3,1.9,1170,629,1364,25502,13100,4,12,25,9,49,36,11,52,21,92,78,2,28,81,28,25,51,27,1,38,21,40,5,99,32,-1,0,1,21,43,2,67,4,-1,311,-1,-1,9,78,13,42,34,98,2,NA,35620,51000,40.814939,-73.909701,NY,270925,9,
6,Public Housing,2,NA,DE HOSTOS APARTMENTS,NY005011270,978,91,689,77,8,2,1.7,1166,637,1364,26714,15785,6,8,28,12,45,29,7,62,23,90,76,1,19,73,18,25,52,35,1,23,18,57,9,95,35,0,8,5,10,40,1,52,4,-1,326,11,57,52,33,15,22,9,43,1,NA,35620,51000,40.792453,-73.972102,NY,270925,9,
6,Public Housing,2,NA,TAYLOR ST/WYTHE AVE,NY005012340,525,99,499,96,7,4,2.3,1135,583,1364,25495,11209,5,9,28,15,42,36,6,58,20,94,83,6,19,55,17,25,45,24,3,28,17,52,6,60,23,1,0,40,5,29,2,36,3,-1,382,-1,-1,37,24,39,34,54,40,0,NA,35620,51000,40.704212,-73.964566,NY,270925,9,
6,Public Housing,2,NA,CLAREMONT GROUP IV,NY005013080,740,89,569,86,8,4,2,1131,539,1364,22097,11117,10,11,28,13,39,33,11,55,18,96,84,2,29,80,29,22,54,30,2,32,21,46,5,99,30,1,0,1,21,45,2,68,8,-1,236,61,61,45,37,18,22,38,98,1,NA,35620,51000,40.829045,-73.915297,NY,270925,9,
6,Public Housing,2,NA,KENFIELD HOMES,NY002000030,619,84,504,97,6,12,2.2,1097,378,971,16894,7762,13,11,32,13,31,29,8,51,22,90,78,2,48,75,44,17,51,13,4,57,18,21,1,98,76,0,-1,2,4,18,0,22,0,16,123,-1,-1,18,46,36,26,55,98,16,NA,15380,11000,42.931788,-78.802341,NY,4819,6,
6,Public Housing,2,NA,J.L. ELLIOT,NY005011340,686,90,527,86,7,0,2,1076,656,1364,27161,13303,4,8,32,14,43,28,9,62,22,91,78,1,21,74,21,27,55,34,1,25,19,56,7,92,25,0,17,8,9,38,3,50,6,-1,342,-1,-1,19,53,28,36,12,49,1,NA,35620,51000,40.749903,-74.002339,NY,270925,9,
6,Public Housing,2,NA,HERBERT H. LEHMAN VILLAGE,NY005001010,617,98,503,83,7,2,2.1,1050,625,1364,25688,12306,5,10,25,14,46,38,7,54,21,93,78,2,25,74,23,23,47,24,1,31,24,43,6,99,34,0,5,1,22,35,3,59,2,-1,314,-1,-1,25,38,37,37,34,87,0,NA,35620,51000,40.795678,-73.946986,NY,270925,9,
6,Public Housing,2,NA,SOUTH BEACH,NY005010350,697,88,600,98,6,1,1.7,1024,547,1364,22513,13191,3,9,37,15,35,21,9,69,19,95,84,1,20,76,19,38,62,43,1,26,17,57,13,67,27,1,7,34,5,26,1,31,4,-1,242,38,57,39,49,12,27,22,50,24,NA,35620,51000,40.612577,-74.062526,NY,270925,9,
6,Public Housing,2,NA,FT INDEPENDENCE/HEATH AVE,NY005012020,574,93,500,94,8,1,2,1007,548,1364,22296,11070,5,11,33,11,41,32,8,57,19,95,83,2,26,77,26,33,60,37,1,32,23,44,4,97,28,-1,0,3,19,43,6,68,7,-1,270,-1,-1,37,42,22,29,28,94,2,NA,35620,51000,40.879943,-73.90074,NY,270925,9,
6,Public Housing,2,NA,MARINERS HARBOR,NY005000770,606,95,451,78,7,6,2.2,1005,632,1364,25390,11394,9,10,22,12,47,39,16,44,21,92,76,3,39,87,39,30,65,28,1,48,27,24,1,95,56,1,1,5,9,27,1,37,5,-1,243,-1,-1,11,58,31,35,30,95,16,NA,35620,51000,40.633355,-74.162371,NY,270925,9,
6,Public Housing,2,NA,MARCUS GARVEY (GROUP A),NY005012520,520,98,487,95,7,5,2,972,632,1364,26244,13149,4,9,34,9,44,28,7,65,21,94,79,5,15,69,17,24,44,29,1,21,11,67,9,98,67,0,4,2,8,18,0,26,2,-1,209,39,57,56,21,24,14,36,98,3,NA,35620,51000,40.670254,-73.915032,NY,270925,9,
6,Public Housing,2,NA,STAPLETON,NY005021140,565,95,349,65,8,8,2.7,931,665,1364,26541,9949,4,11,23,11,51,32,15,50,20,94,81,3,41,83,40,31,58,35,2,43,24,32,3,93,49,0,3,7,10,29,3,41,4,-1,226,-1,-1,22,38,40,20,48,94,18,NA,35620,51000,40.622045,-74.082327,NY,270925,9,
6,Public Housing,2,NA,CENTRAL VILLAGE,NY001000071,441,75,332,100,6,3,2.7,881,411,803,20146,7592,7,8,33,16,37,33,7,52,24,91,73,5,39,80,39,19,68,16,1,47,23,29,1,93,64,-1,2,7,7,20,1,28,8,45,146,-1,-1,34,9,58,22,65,91,11,NA,45060,73000,43.038095,-76.146584,NY,6552,7,
6,Public Housing,2,NA,RUTGERS,NY005020990,620,94,445,77,9,4,2,875,616,1364,26067,13257,6,8,30,18,38,27,7,66,22,90,80,4,13,62,11,30,56,38,1,15,17,67,17,97,13,-1,56,3,6,21,1,28,1,-1,382,-1,-1,34,19,47,41,38,90,0,NA,35620,51000,40.712388,-73.991127,NY,270925,9,
6,Public Housing,2,NA,JAMES GEDDES,NY001000073,471,97,459,100,6,8,1.8,837,344,803,16878,9256,8,7,46,11,27,26,4,60,23,90,80,1,30,70,29,34,77,30,3,38,27,32,1,93,33,1,-1,7,14,44,1,59,9,44,113,-1,-1,46,32,22,16,47,77,16,NA,45060,73000,43.043548,-76.15967,NY,6552,7,
6,Public Housing,2,NA,WEST FARMS ROAD,NY005015300,830,97,401,50,9,1,2.1,828,667,1364,27809,13468,4,9,29,12,47,33,10,56,23,91,75,2,29,84,29,30,63,31,1,36,21,43,4,99,25,0,0,1,24,48,2,74,3,-1,266,82,62,34,40,26,24,32,98,2,NA,35620,51000,40.829771,-73.887247,NY,270925,9,
6,Public Housing,2,NA,JOHN COLLINS PARK,NY018000101,335,96,320,100,5,20,2.5,814,485,476,22404,8807,5,12,27,12,44,38,9,48,28,88,65,22,35,78,48,57,77,34,9,63,14,13,1,13,5,1,1,88,1,5,-1,5,0,4,102,89,41,17,41,42,20,24,16,36,NA,38460,58574,44.682447,-73.456962,NY,821,4,
6,Public Housing,2,NA,LOWER EAST SIDE II,NY005012920,476,88,399,95,5,3,2,797,689,1364,29063,14550,2,10,22,16,50,35,6,59,23,92,75,3,20,69,18,33,55,39,2,24,19,55,7,97,25,0,18,3,7,47,1,54,3,-1,332,74,67,37,38,24,26,26,62,1,NA,35620,51000,40.722094,-73.981128,NY,270925,9,
6,Public Housing,2,NA,EASTSIDE,NY028000120,302,92,278,100,5,7,2.8,783,460,824,20331,7218,8,10,26,15,40,41,8,42,20,93,78,6,60,84,58,20,67,17,5,66,13,17,1,80,44,1,9,20,7,16,3,26,0,56,123,1,250,17,49,35,9,23,75,39,NA,10580,65508,42.7937,-73.9242,NY,2462,5,
6,Public Housing,2,NA,STUYVESANT GARDENS I,NY005012210,478,90,392,91,6,-1,2,777,655,1364,27055,13649,6,7,26,14,46,33,7,58,22,91,75,2,23,79,21,27,49,29,1,25,20,54,8,99,68,1,2,1,8,19,1,28,3,-1,292,28,57,28,51,22,30,29,85,1,NA,35620,51000,40.688051,-73.930312,NY,270925,9,
6,Public Housing,2,NA,E.R. MOORE,NY005010930,463,92,349,82,7,-1,2.2,775,633,1364,25367,11423,5,10,26,14,45,36,11,52,20,95,78,3,31,81,30,23,53,26,1,32,26,41,4,100,30,1,1,-1,21,45,1,68,4,-1,296,-1,-1,32,27,41,31,37,97,3,NA,35620,51000,40.812611,-73.909526,NY,270925,9,
6,Public Housing,2,NA,"ADREAN TERR.,ND PETERS, & FX MATTS",NY006000001,361,94,333,98,6,9,2.3,757,383,790,17480,7689,10,9,35,16,30,34,9,45,24,90,75,8,35,67,36,28,76,23,8,47,20,25,5,54,22,0,1,46,1,30,-1,31,0,37,112,51,45,29,31,41,22,17,34,64,NA,46540,76540,43.079035,-75.211058,NY,1265,5,
6,Public Housing,2,NA,SHAFFER VILLAGE & LASALLE COURTS,NY002000010,436,89,365,95,6,7,2,746,397,971,19488,9535,12,6,38,8,36,36,7,44,25,89,75,2,37,74,36,26,77,20,4,55,23,18,1,91,46,0,1,9,4,39,0,44,1,21,139,-1,-1,12,54,34,45,40,68,26,NA,15380,11000,42.955799,-78.895956,NY,4819,6,
6,Public Housing,2,NA,U.P.A.C.A. URA (SITE 5),NY005012410,615,83,485,95,7,1,1.5,741,479,1364,19551,12796,6,8,44,13,29,15,6,77,17,97,87,1,10,64,9,33,56,41,0,12,8,80,14,98,35,0,14,2,15,32,1,48,6,-1,227,64,57,77,12,11,10,30,88,0,NA,35620,51000,40.801825,-73.939522,NY,270925,9,
6,Public Housing,2,NA,OCEAN HILL APTS,NY005011620,361,93,316,94,7,-1,2.3,738,784,1364,32669,13988,7,6,21,10,56,47,10,42,25,85,70,3,33,84,33,27,53,29,1,37,27,34,5,99,58,1,1,1,17,21,2,40,7,-1,279,-1,-1,32,36,32,25,31,89,2,NA,35620,51000,40.685824,-73.917561,NY,270925,9,
6,Public Housing,2,NA,GILLMORE/HUMPHREY/HAMILTON/DUP,NY006000003,331,95,312,100,5,8,2.3,712,447,790,23593,10339,7,5,28,11,49,41,5,42,32,80,61,8,45,79,48,17,75,22,10,51,15,24,2,55,28,-1,1,45,1,25,-1,26,0,18,124,2,225,15,59,26,21,28,39,45,NA,46540,76540,43.088021,-75.268626,NY,1265,5,
6,Public Housing,2,NA,OCEANBAY APARTMENTS (OCEANSIDE),NY005010980,417,91,353,93,5,4,2,692,729,1364,29630,15115,5,10,19,10,56,41,11,47,24,90,70,1,30,82,30,27,74,34,0,37,24,39,5,98,61,0,1,2,9,24,3,35,5,-1,274,-1,-1,23,77,-1,28,9,93,2,NA,35620,51000,40.592604,-73.785824,NY,270925,9,
6,Public Housing,2,NA,UNIVERSITY AVE REHAB,NY005013410,414,93,319,83,8,0,2,644,600,1364,25045,12406,3,12,28,13,44,36,7,56,20,93,82,2,26,84,25,21,63,32,0,26,19,55,3,99,26,-1,-1,1,22,48,4,73,4,-1,297,100,61,30,47,23,30,40,98,1,NA,35620,51000,40.853478,-73.912693,NY,270925,9,
6,Public Housing,2,NA,WINBROOK APTS,NY042000006,360,73,262,100,8,2,2.4,628,892,1044,44829,18703,2,5,11,7,74,67,2,31,33,80,55,8,31,77,33,6,19,5,2,42,24,32,2,99,56,-1,1,1,3,39,-1,42,0,44,208,68,36,18,55,28,15,34,72,0,NA,35620,81677,41.028321,-73.769266,NY,1171,5,
6,Public Housing,2,NA,LANGFIELD HOMES,NY002000031,310,89,270,98,7,9,2.3,608,446,971,21880,9717,11,6,31,9,44,41,5,41,27,81,67,2,51,87,48,15,40,10,8,54,20,18,0,97,79,1,0,3,2,15,-1,17,0,25,178,-1,-1,-1,57,43,44,53,98,19,NA,15380,11000,42.929864,-78.80881,NY,4819,6,
6,Public Housing,2,NA,HUDSON GARDEN APTS.,NY062000022,242,92,223,100,5,7,2.6,586,575,533,25744,9797,10,8,23,12,48,50,4,36,26,85,68,5,59,82,57,18,57,13,6,61,12,21,1,95,84,-1,-1,5,6,4,1,11,0,34,117,-1,-1,22,39,39,9,28,86,22,NA,28880,59641,41.703026,-73.910476,NY,528,4,
6,Public Housing,2,NA,BAKER HOMES,NY029000001,271,99,268,100,8,9,2.1,569,467,794,22854,10764,4,5,27,15,48,38,4,44,30,82,65,1,44,76,43,22,82,21,5,53,18,24,2,90,78,1,0,10,1,9,-1,10,1,24,148,-1,-1,24,46,30,23,34,50,44,NA,15380,40189,42.821699,-78.845877,NY,490,3,
6,Public Housing,2,NA,EASTBROOK,NY010100000,200,90,180,100,5,22,3.1,562,469,544,20753,6647,12,18,16,12,42,42,11,47,28,90,63,19,58,79,63,21,81,14,11,73,8,8,1,24,12,1,1,76,2,8,-1,10,3,15,74,-1,-1,3,42,55,7,33,29,33,NA,48060,78608,43.969716,-75.878347,NY,642,4,
6,Public Housing,2,NA,TWIN PARKS EAST (SITE 9),NY005012270,458,90,347,85,9,0,1.6,550,454,1364,18775,11846,8,10,40,12,31,20,5,74,16,98,90,1,13,71,13,34,55,40,1,16,13,70,10,100,23,-1,0,0,14,61,3,77,6,-1,240,49,56,66,18,16,15,34,98,2,NA,35620,51000,40.850134,-73.892407,NY,270925,9,
6,Public Housing,2,NA,Clason Point,NY005012800,400,92,271,73,8,-1,2,548,722,1364,29306,14493,4,5,27,10,54,32,7,60,24,87,72,4,19,82,20,34,50,36,1,26,21,52,8,98,30,0,-1,2,10,56,1,68,2,-1,375,-1,-1,16,54,30,42,35,96,5,NA,35620,51000,40.820543,-73.867979,NY,270925,9,
6,Public Housing,2,NA,CHELSEA,NY005021340,357,92,263,80,9,-1,2,524,701,1364,29230,14671,6,6,27,13,49,34,9,56,24,89,75,2,18,73,17,27,45,34,1,22,20,57,6,90,22,0,16,10,10,39,3,52,4,-1,354,-1,-1,35,30,34,32,9,39,2,NA,35620,51000,40.748291,-74.001182,NY,270925,9,
6,Public Housing,2,NA,SARATOGA APTS.,NY016000005,264,73,184,96,6,-1,2.6,480,453,804,21753,8339,4,5,37,12,42,38,3,47,29,82,65,7,46,79,43,36,74,23,3,52,18,27,1,76,53,2,1,24,4,16,-1,21,0,-1,146,-1,-1,13,48,39,23,8,10,93,NA,13780,99999,42.0497,-75.9185,NY,1482,5,
6,Public Housing,2,NA,JASPER PARRISH PLACE,NY002000012,192,93,174,97,5,6,2.7,474,511,971,25790,9467,4,9,27,9,52,51,3,33,30,83,62,6,48,80,46,19,89,16,3,60,22,15,-1,93,48,-1,1,7,2,41,1,44,0,43,174,-1,-1,3,27,70,42,37,66,21,NA,15380,11000,42.94981,-78.890087,NY,4819,6,
6,Public Housing,2,NA,Lake Tower/Tubman,NY041000113,341,88,277,92,6,9,1.7,468,415,728,18033,10673,2,5,54,12,27,19,3,74,24,94,77,1,24,63,23,57,72,41,1,40,27,32,3,94,60,-1,1,6,3,30,0,34,1,33,111,42,126,58,21,21,12,41,89,17,NA,40380,63000,43.170428,-77.62763,NY,12512,8,
6,Public Housing,2,NA,NATHAN STRAUS,NY005011530,267,96,238,93,7,0,1.9,452,643,1364,26484,13945,3,9,29,13,46,33,4,63,21,92,78,4,20,71,20,28,62,35,2,27,23,49,8,89,23,-1,15,11,9,39,3,51,8,-1,352,-1,-1,42,34,24,26,10,49,1,NA,35620,51000,40.741406,-73.979976,NY,270925,9,
6,Public Housing,2,NA,JEFFERSON / VANDERBILT TERRACE,NY020000001,163,98,159,100,5,16,2.8,449,579,731,24885,8812,5,6,17,11,61,48,1,38,24,92,68,8,59,86,60,24,62,17,6,63,14,16,2,40,16,1,-1,60,1,21,-1,23,1,8,97,100,139,16,42,42,6,10,21,47,NA,10580,65255,43.071315,-73.781042,NY,429,3,
6,Public Housing,2,NA,Bayview-Inwood-Westover-Eastover,NY046000004,369,94,346,100,6,7,1.3,446,579,554,24170,18751,1,3,31,19,46,15,1,84,21,96,79,1,7,74,7,43,29,26,-1,8,8,84,12,59,45,1,3,41,0,10,0,10,0,81,139,-1,-1,84,10,7,6,10,59,68,NA,35620,37583,40.613423,-73.750573,NY,1309,5,
6,Public Housing,2,NA,SCATTERED SITE TOWNHOUSES,NY001000075,157,98,152,99,6,3,2.9,439,436,803,26592,9207,6,14,21,9,50,44,6,39,32,79,64,3,59,93,61,13,54,10,2,64,18,16,-1,92,60,-1,1,8,5,25,2,32,15,38,159,64,123,-1,31,69,32,47,71,20,NA,45060,73000,43.042346,-76.162484,NY,6552,7,
6,Public Housing,2,NA,DOWNTOWN,NY028000110,414,96,395,99,6,12,1.1,430,373,824,16109,14798,4,3,53,18,22,14,2,76,19,96,89,-1,-1,61,-1,58,72,63,3,23,28,47,3,62,38,1,3,38,4,15,2,21,0,51,93,-1,-1,86,13,1,9,40,64,5,NA,10580,65508,42.808647,-73.945166,NY,2462,5,
6,Public Housing,2,NA,STEAMBOAT SQUARE,NY009000003,330,78,259,100,7,1,1.7,430,482,811,22048,13280,12,6,26,12,44,39,2,49,25,87,68,1,21,63,20,23,75,25,1,50,24,25,0,95,79,0,-1,5,3,12,1,15,2,60,144,88,77,62,17,21,14,37,85,6,NA,10580,01000,42.640248,-73.754911,NY,5149,7,
6,Public Housing,2,NA,PEDRO A. CAMPOS PLAZA II,NY005012570,223,96,203,94,4,-1,2.1,419,824,1364,34445,16688,2,7,24,8,59,33,7,60,27,86,69,3,21,69,21,20,55,36,0,23,19,58,8,97,16,0,22,3,35,22,1,58,7,-1,385,100,65,15,42,43,43,18,68,1,NA,35620,51000,40.728925,-73.977274,NY,270925,9,
6,Public Housing,2,NA,NORTHSIDE,NY010200000,293,96,280,100,5,15,1.5,417,402,544,17112,11490,7,7,44,16,26,18,8,74,28,91,70,4,11,64,11,63,61,45,4,29,19,49,2,16,9,1,0,84,1,5,-1,6,1,8,99,22,38,56,33,11,19,19,22,48,NA,48060,78608,43.979205,-75.906801,NY,642,4,
6,Public Housing,2,NA,Parliament/H-R/Seneca Mnr TH,NY041000442,396,91,288,80,7,15,1.4,410,400,728,17909,12580,2,4,62,10,23,15,3,79,24,95,82,1,13,64,14,55,67,46,1,16,23,60,3,86,50,-1,2,14,2,32,-1,34,0,36,107,18,172,82,-1,18,6,40,75,27,NA,40380,63000,43.19344,-77.604383,NY,12512,8,
6,Public Housing,2,NA,CARLISLE HILL,NY016000001,150,98,145,99,6,8,2.7,386,503,804,26113,9809,6,8,14,16,55,45,5,39,35,80,52,4,55,88,51,26,63,19,2,60,21,17,1,77,60,2,1,23,1,11,2,14,1,18,117,-1,-1,14,52,34,13,40,41,32,NA,13780,06607,42.116229,-75.887765,NY,1482,5,
6,Public Housing,2,NA,MAYOR WARDEN APTS,NY033000001,146,92,135,100,4,16,2.8,383,534,617,26303,9271,2,10,19,16,52,61,4,27,25,87,68,5,64,84,61,19,82,13,8,70,9,13,-1,47,27,-1,5,53,7,7,-1,14,5,11,107,81,168,9,50,41,8,19,37,29,NA,10580,61148,42.655066,-73.734402,NY,248,2,
6,Public Housing,2,NA,Greenacres-Brookside-Meadowbrok-Bellmore,NY046000002,376,91,343,100,9,3,1.1,379,517,554,22193,20085,0,4,34,17,45,5,0,94,20,98,85,-1,-1,66,-1,100,30,31,-1,1,3,96,14,54,35,3,2,46,0,13,-1,13,1,100,109,-1,-1,99,1,-1,1,5,62,85,NA,35620,05738,40.674625,-73.528513,NY,1309,5,
6,Public Housing,2,NA,Ezra Prentice Homes Redevelopment LLC,NY009000010,169,96,162,100,7,9,2.3,378,574,811,27654,11852,9,4,25,12,50,48,1,42,28,81,63,3,52,85,49,23,82,17,2,62,19,17,1,97,78,1,1,3,5,12,1,18,2,77,169,-1,-1,14,52,33,22,15,79,23,NA,10580,01000,42.630926,-73.765346,NY,5149,7,
6,Public Housing,2,NA,Bay Zimmer/Holland/Gantt/Parkside,NY041000554,215,89,174,91,7,10,2.2,375,504,728,21832,10130,2,7,33,16,43,41,3,48,28,88,70,1,47,80,47,34,61,23,1,55,21,24,3,96,65,-1,1,4,1,29,1,30,1,71,137,99,122,30,33,36,25,39,95,12,NA,40380,63000,43.169526,-77.606501,NY,12512,8,
6,Public Housing,2,NA,161/261/361/Capsule,NY041000361,239,89,135,64,6,7,2.8,373,638,728,31230,11303,4,5,18,9,65,58,2,33,37,76,51,1,59,92,59,21,58,15,1,63,18,18,1,95,79,-1,2,5,1,13,-1,13,1,108,162,100,189,1,30,70,34,31,74,44,NA,40380,63000,43.144956,-77.602956,NY,12512,8,
6,Public Housing,2,NA,Laurel/Grasmere/Meadow View/Victory,NY031000001,241,89,214,100,6,20,1.7,370,445,479,21307,12324,2,5,36,17,40,25,4,71,33,84,54,7,17,69,19,51,52,33,7,29,16,48,5,5,1,2,-1,95,-1,1,0,1,0,4,75,61,58,67,11,21,4,17,15,61,NA,32390,46019,44.928229,-74.890953,NY,241,2,
6,Public Housing,2,NA,Newbridge-Park-Centennial-Salisbury,NY046000001,354,93,329,100,5,4,1.1,368,624,554,25026,22374,1,2,25,19,53,6,1,93,22,98,76,-1,-1,69,-1,100,29,29,-1,-1,2,98,13,57,39,2,4,43,-1,11,1,12,1,80,116,43,37,99,1,-1,-1,7,69,88,NA,35620,63506,40.677641,-73.587473,NY,1309,5,
6,Public Housing,2,NA,FERRY-GRIDER,NY002000032,210,82,167,97,6,17,2.2,361,404,971,19234,8898,24,8,18,10,40,40,13,41,25,85,69,4,51,80,47,9,52,10,10,60,15,15,1,96,69,-1,-1,4,2,25,-1,27,1,20,110,-1,-1,7,70,23,28,48,97,20,NA,15380,11000,42.914331,-78.828559,NY,4819,6,
6,Public Housing,2,NA,"COMM. PERRY EXT. HR., SLATER & MULLEN",NY002000020,381,90,328,95,8,11,1.1,349,329,971,14713,13828,17,5,47,10,20,22,6,68,22,91,81,-1,2,50,1,33,55,38,2,36,26,36,2,85,61,1,-1,15,2,21,-1,23,0,13,134,10,41,98,2,-1,1,29,67,27,NA,15380,11000,42.874037,-78.864816,NY,4819,6,
6,Public Housing,2,NA,HYLAN,NY005010860,209,95,170,86,10,5,2,342,592,1364,25015,12435,4,13,28,9,47,29,11,58,22,92,79,1,29,86,30,32,50,35,2,39,16,43,8,100,41,1,2,-1,11,45,-1,56,4,-1,303,-1,-1,29,46,25,34,43,98,0,NA,35620,51000,40.704123,-73.940338,NY,270925,9,
6,Public Housing,2,NA,TAFT REHAB 201-203 W. 117,NY005013170,268,90,203,84,9,0,1.7,339,601,1364,24762,14828,8,15,24,9,42,34,15,50,22,91,76,0,25,73,25,16,46,19,2,37,21,40,5,97,50,-1,4,3,11,30,1,42,3,-1,324,-1,-1,59,41,-1,18,13,61,1,NA,35620,51000,40.804533,-73.953096,NY,270925,9,
6,Public Housing,2,NA,BOHLMANN TOWER/DUNBAR HGT,NY082000001,144,98,141,100,5,6,2.4,336,688,882,28763,12070,2,5,28,9,55,47,4,46,22,93,74,4,34,79,33,31,56,21,1,46,23,30,4,88,64,-1,-1,12,3,21,1,24,3,25,187,-1,-1,37,6,57,21,16,68,31,NA,35620,56979,41.291154,-73.923435,NY,273,2,
6,Public Housing,2,NA,David Woody /Beacon Hghts./Gabriel Drive,NY070000389,110,95,104,100,5,11,3.2,336,589,502,31544,9764,1,7,9,14,69,58,4,33,36,74,48,16,60,93,70,18,56,15,4,76,12,9,1,51,31,2,1,49,3,14,-1,17,2,59,100,75,174,-1,41,59,19,18,25,60,NA,15380,43082,43.179689,-78.678337,NY,544,4,
6,Public Housing,2,NA,PACKARD COURTS & PC COMMUNITY CENTER,NY011000071,166,96,160,100,8,11,2.1,334,348,885,18294,8763,10,6,33,12,38,38,4,45,23,88,72,1,54,86,50,21,58,15,10,58,20,12,-1,69,56,2,-1,31,4,8,-1,11,6,33,109,-1,-1,8,64,28,29,19,37,80,NA,15380,51055,43.094511,-79.014482,NY,844,4,
6,Public Housing,2,NA,BRAGG TOWER & EDWARD FLANNERY APTS.,NY030000012,334,95,318,100,6,16,1,330,336,546,13876,13371,11,5,53,14,17,12,5,78,24,96,78,-1,-1,48,-1,59,77,66,4,29,23,44,2,19,11,1,1,81,2,4,-1,6,2,12,79,-1,-1,100,0,-1,-1,40,32,22,NA,21300,24229,42.082387,-76.805068,NY,478,3,
6,Public Housing,2,NA,CORTLAND,NY021000002,140,91,127,100,3,16,2.6,329,490,463,21764,8401,3,7,25,16,49,33,2,55,30,88,54,15,35,69,40,27,51,19,2,51,13,35,4,6,4,1,-1,94,-1,2,-1,2,0,13,75,96,102,45,9,46,6,16,12,61,NA,18660,35276,42.637095,-76.175682,NY,683,4,
6,Public Housing,2,NA,MIDLAND COURT,NY014000001,120,97,115,99,6,10,2.9,329,838,814,38710,13531,2,3,18,5,72,70,1,25,28,89,64,7,40,79,42,13,27,9,-1,57,24,19,2,96,40,-1,-1,4,1,55,-1,56,3,4,193,-1,-1,11,47,42,12,16,89,10,NA,35620,59223,40.993149,-73.667127,NY,340,3,
6,Public Housing,2,NA,GESNER GARDENS,NY056000001,146,98,140,98,7,5,2.3,319,809,670,37052,16261,1,6,20,14,59,51,4,45,28,88,62,6,29,64,26,10,20,10,2,33,14,51,4,92,84,1,-1,8,1,6,-1,7,0,15,157,48,54,33,38,29,17,32,83,8,NA,35620,70420,41.118114,-74.046616,NY,146,2,
6,Public Housing,2,NA,TOOMEY ABBOTT,NY001000072,306,95,291,100,6,13,1.1,312,303,803,14841,13842,5,4,57,18,17,7,4,85,22,96,83,-1,0,47,0,76,66,69,1,10,30,59,2,80,68,0,0,20,3,8,1,12,6,29,102,-1,-1,97,3,-1,0,79,55,0,NA,45060,73000,43.038772,-76.141903,NY,6552,7,
6,Public Housing,2,NA,MANOR SITES,NY022000002,95,97,92,100,4,11,3.4,311,593,778,29050,8594,8,5,23,9,56,49,4,42,26,87,71,12,61,85,63,14,75,9,1,68,14,16,1,29,21,-1,2,71,2,4,-1,7,1,24,107,98,66,-1,23,77,16,16,30,5,NA,10580,16749,42.787928,-73.714827,NY,709,4,
6,Public Housing,2,NA,VANDALIA AVENUE,NY005011940,286,98,269,96,5,7,1.1,305,469,1364,19624,17308,1,5,49,14,31,6,1,93,18,98,88,-1,-1,75,-1,-1,57,57,-1,-1,0,100,27,74,50,1,1,26,6,13,2,22,2,-1,259,97,57,90,10,-1,6,23,82,0,NA,35620,51000,40.650392,-73.886039,NY,270925,9,
6,Public Housing,2,NA,WEST AND ALDER COURTS,NY093001001,108,95,103,100,5,14,3,305,549,618,26844,9065,2,9,20,11,59,55,11,33,36,82,53,32,41,63,53,27,56,12,10,76,8,7,-1,17,13,-1,-1,83,-1,5,-1,5,2,13,94,57,67,5,14,82,36,21,15,60,NA,36460,54716,42.082118,-78.448419,NY,306,3,
6,Public Housing,2,NA,Dorothy Glover Apts.,NY029000002,125,98,122,100,11,6,2.5,304,416,794,18729,7516,11,6,24,17,42,43,8,34,24,88,74,5,54,84,55,17,80,15,12,60,16,12,-1,86,37,-1,-1,14,2,47,-1,49,0,6,112,-1,-1,13,39,48,32,34,50,44,NA,15380,40189,42.82643,-78.848289,NY,490,3,
6,Public Housing,2,NA,BELL TOWER,NY063000002,134,94,105,83,10,14,2.9,302,456,436,23796,8274,7,13,19,16,44,42,13,38,32,82,60,17,53,91,68,16,56,9,8,66,10,16,-1,83,7,-1,-1,17,-1,76,-1,76,0,6,66,85,90,18,31,50,4,29,46,57,NA,27460,21105,42.484056,-79.327466,NY,233,2,
6,Public Housing,2,NA,DR. MARTIN LUTHER KING GARDENS,NY062000011,117,93,109,100,5,6,2.7,298,652,533,29980,10966,7,2,25,9,57,54,-1,38,30,83,64,2,56,88,56,23,58,14,3,62,17,17,-1,95,85,-1,-1,5,4,6,1,10,0,27,134,-1,-1,23,23,54,13,22,72,18,NA,28880,59641,41.713396,-73.929376,NY,528,4,
6,Public Housing,2,NA,BOHLMANN TOWER/DUNBAR HGT,NY082000002,129,98,126,100,5,9,2.3,294,719,882,33527,14369,4,7,19,12,58,48,1,47,26,88,70,3,39,84,40,29,52,23,1,48,25,26,2,93,73,-1,-1,7,2,17,1,20,3,24,207,73,118,11,48,40,35,19,77,37,NA,35620,56979,41.294234,-73.918803,NY,273,2,
6,Public Housing,2,NA,SANFORD GARDENS,NY008000001,149,100,149,100,8,2,2,291,810,425,37833,19372,1,4,19,12,65,48,1,44,30,82,64,4,23,66,21,15,33,14,3,38,20,38,5,87,72,-1,-1,13,3,11,-1,15,0,283,218,-1,-1,41,39,20,14,5,34,23,NA,35620,75583,40.947497,-73.825278,NY,149,2,
6,Public Housing,2,NA,SOL SCHER APTS,NY050002001,266,99,263,100,4,7,1.1,289,479,239,20636,18779,-1,7,40,18,35,5,0,94,18,97,87,-1,0,67,0,76,16,18,-1,-1,6,94,16,56,14,-1,9,44,1,32,1,33,0,229,119,27,53,100,0,-1,-1,6,41,37,NA,35620,43335,40.588769,-73.670524,NY,768,4,
6,Public Housing,2,NA,HOFFMAN PLAZA,NY030000011,144,84,121,100,5,17,2.4,287,392,546,17023,7177,10,19,28,11,32,33,7,50,24,88,72,5,64,82,61,23,89,18,11,62,12,16,-1,36,26,1,1,64,2,5,1,8,6,15,81,-1,-1,13,62,25,10,28,18,64,NA,21300,24229,42.10192,-76.832737,NY,478,3,
6,Public Housing,2,NA,FRANKLIN COURTS,NY013000001,151,91,129,93,8,1,2.2,286,1020,554,45794,20656,-1,1,16,7,76,58,-1,42,35,80,50,8,15,65,14,12,10,9,-1,24,22,53,6,81,31,-1,2,19,2,47,-1,49,0,-1,285,45,49,26,45,29,18,8,49,21,NA,35620,73176,41.07654,-73.862614,NY,151,2,
6,Public Housing,2,NA,SYOSSET SENIOR CZNS,NY055000001,191,97,179,97,5,2,1.6,280,590,467,26341,16839,3,6,29,21,41,16,1,83,21,94,85,3,4,63,4,38,24,19,-1,7,12,80,11,47,11,-1,27,53,-1,9,-1,9,0,73,153,-1,-1,79,7,13,7,5,35,66,NA,35620,72554,40.82604,-73.502915,NY,911,4,
6,Public Housing,2,NA,BELMONT CTS.,NY039000003,126,87,110,100,6,25,2.5,276,407,523,19164,7638,14,7,38,6,36,44,10,41,27,87,66,5,49,67,36,23,46,15,10,61,17,12,-1,6,5,1,-1,94,-1,1,-1,1,4,2,80,-1,-1,13,49,38,18,18,7,76,NA,32390,54485,44.6918,-75.5056,NY,386,3,
6,Public Housing,2,NA,MASSAPEQUA FAM/SNR CZN,NY055000004,248,96,232,98,9,9,1.2,272,512,467,22235,18965,-1,3,36,16,44,5,-1,95,20,99,84,-1,3,63,2,94,32,42,0,8,14,78,7,15,6,-1,3,85,0,6,-1,6,0,53,115,-1,-1,95,3,1,1,5,61,60,NA,35620,22480,40.667706,-73.426089,NY,911,4,
6,Public Housing,2,NA,ROBERT WHALEN HOMES,NY009000001,124,89,110,100,7,5,2.5,271,489,811,21591,8764,10,9,18,15,48,44,6,37,22,90,74,3,67,85,60,16,82,13,-1,77,13,10,-1,95,75,1,1,5,5,12,-1,17,2,96,118,91,86,5,62,33,25,35,92,4,NA,10580,01000,42.662673,-73.754473,NY,5149,7,
6,Public Housing,2,NA,Lexington Court/Glenwood,NY041000112,240,96,209,91,8,7,1.3,270,420,728,18735,14502,-1,6,50,17,26,18,3,77,26,92,76,0,12,68,11,59,73,57,0,15,23,61,4,92,66,-1,1,8,2,23,0,25,1,62,131,100,106,78,22,-1,4,35,78,60,NA,40380,63000,43.175073,-77.642815,NY,12512,8,
6,Public Housing,2,NA,JORDAN GARDENS,NY011000072,100,92,92,100,8,10,2.9,267,348,885,20857,7187,8,7,28,11,47,32,2,48,25,83,67,-1,55,89,54,9,38,6,4,60,18,17,-1,93,84,-1,-1,7,3,7,-1,10,7,43,135,100,63,9,-1,91,42,61,90,29,NA,15380,51055,43.114784,-79.048045,NY,844,4,
6,Public Housing,2,NA,AMSTERDAM ADDITION,NY005021870,149,95,141,99,8,3,1.9,263,624,1364,25792,13827,6,11,27,12,45,26,11,61,21,92,75,1,23,68,23,20,58,35,1,31,13,54,9,88,28,-1,8,12,9,40,3,52,4,-1,350,-1,-1,39,30,31,33,12,88,0,NA,35620,51000,40.774899,-73.987045,NY,270925,9,
6,Public Housing,2,NA,CHANNEL PARK HOMES,NY050001001,108,99,106,99,7,1,2.4,259,923,239,37897,15510,5,3,15,8,70,57,1,39,29,89,56,3,39,80,37,12,24,11,1,40,29,30,4,96,76,-1,-1,4,4,16,-1,20,0,-1,316,-1,-1,4,32,64,49,6,64,41,NA,35620,43335,40.590704,-73.665733,NY,768,4,
6,Public Housing,2,NA,1010 E. 178TH ST.,NY005011330,218,92,140,70,8,-1,1.8,257,539,1364,23046,12554,5,16,32,7,40,34,9,56,19,94,87,1,31,81,29,30,66,35,-1,39,19,41,4,100,36,-1,-1,-1,21,41,2,64,7,-1,279,-1,-1,45,36,19,24,49,99,5,NA,35620,51000,40.841113,-73.880136,NY,270925,9,
6,Public Housing,2,NA,Lakeview Family Homes 2000,NY002000042,134,98,111,85,11,5,2.3,254,549,971,25688,11226,6,9,30,12,43,43,5,51,32,82,60,4,43,84,45,18,70,14,8,50,17,24,1,99,25,-1,1,1,3,70,-1,73,1,25,113,95,137,29,27,44,26,60,79,11,NA,15380,11000,42.895681,-78.891463,NY,4819,6,
6,Public Housing,2,NA,PARK/HARBOR VIEW,NY014000002,96,96,92,100,7,3,2.7,249,761,814,34280,12666,8,5,12,12,63,72,-1,28,26,89,68,4,43,82,41,4,50,8,-1,57,22,22,-1,98,35,-1,-1,2,1,62,-1,63,0,5,205,97,44,13,37,50,15,21,89,8,NA,35620,59223,40.998504,-73.662462,NY,340,3,
6,Public Housing,2,NA,461/561/Federal St,NY041000562,166,88,92,63,8,8,2.6,243,571,728,25152,9523,3,6,21,11,59,43,4,45,31,85,60,3,61,95,63,27,47,17,4,59,18,18,1,98,62,-1,-1,2,2,34,-1,36,2,99,165,99,186,1,20,79,39,41,89,50,NA,40380,63000,43.16954,-77.592354,NY,12512,8,
6,Public Housing,2,NA,PORT WATSON,NY021000001,237,93,221,100,4,14,1.1,235,368,463,15476,14554,3,4,52,24,17,6,2,90,23,98,82,-1,-1,47,-1,94,71,78,2,16,20,62,5,4,2,0,0,96,-1,1,-1,1,0,6,79,-1,-1,100,-1,-1,-1,22,16,42,NA,18660,18388,42.59766,-76.176726,NY,683,4,
6,Public Housing,2,NA,ELM MANOR/RIVERSIDE HAVEN,NY080001001,175,98,171,100,6,13,1.4,234,424,411,19823,14486,2,6,37,18,38,13,5,81,32,84,56,3,9,62,9,58,54,44,2,18,18,63,11,3,2,-1,-1,97,-1,1,-1,1,1,5,99,23,45,83,6,11,4,22,8,66,NA,99999,44710,44.850793,-74.305002,NY,175,2,
6,Public Housing,2,NA,BRACEY APTS,NY088000003,100,96,96,100,1,2,2.4,232,1210,998,42274,17493,2,5,11,9,73,60,3,35,32,79,49,2,24,80,24,18,29,13,-1,36,28,35,9,99,91,1,-1,1,2,5,-1,7,0,-1,363,-1,-1,25,19,56,36,2,66,30,NA,35620,50617,40.912184,-73.776665,NY,705,4,
6,Public Housing,2,NA,SEDITA & STUYVESANT APTS.,NY002000035,248,91,223,99,7,17,1,229,334,971,14331,13956,5,5,63,17,10,5,4,91,21,97,90,-1,-1,41,-1,64,59,59,-1,1,24,75,4,73,47,1,2,27,2,21,-1,23,0,11,116,-1,-1,96,4,-1,2,21,36,10,NA,15380,11000,42.903568,-78.87691,NY,4819,6,
6,Public Housing,2,NA,NORTH SHORE TOWERS,NY016000002,223,96,215,100,6,13,1.1,227,326,804,14143,13396,6,2,64,13,14,8,5,84,23,95,84,-1,0,59,0,65,65,63,1,16,20,63,3,49,36,1,1,51,1,9,0,11,0,16,94,-1,-1,99,-1,1,0,53,46,1,NA,13780,06607,42.096846,-75.90964,NY,1482,5,
6,Public Housing,2,NA,LAKEVIEW TOWERS,NY018000102,220,97,214,100,6,12,1.1,225,410,476,17720,16854,2,2,44,25,28,3,2,94,27,94,67,-1,-1,65,-1,87,66,70,-1,1,24,75,8,5,3,-1,0,95,-1,1,0,2,0,5,95,27,47,99,1,-1,0,29,18,31,NA,38460,58574,44.680691,-73.458401,NY,821,4,
6,Public Housing,2,NA,"FD FED, REDWOOD, WOODSON & SSC",NY002000022,108,80,86,100,6,3,2.4,210,481,971,22690,9292,8,4,36,10,43,38,5,50,29,84,67,2,41,71,40,13,41,12,2,40,13,45,1,94,74,-1,-1,6,-1,20,-1,20,1,13,167,55,163,21,30,49,41,43,76,25,NA,15380,11000,42.881943,-78.855375,NY,4819,6,
6,Public Housing,2,NA,DUBOIS GARDENS,NY048000002,85,79,65,97,4,25,3.2,208,438,654,23270,7272,11,5,20,11,54,45,-1,42,31,80,60,11,72,80,71,18,-1,13,9,83,8,-1,-1,9,2,-1,-1,91,-1,8,-1,8,0,27,73,-1,-1,-1,29,71,14,22,16,38,NA,24100,29443,43.057277,-74.358866,NY,548,4,
6,Public Housing,2,NA,Mullin Apartments,NY051000001,70,96,67,100,6,7,3.1,208,596,855,24403,7861,2,8,19,19,52,46,4,43,23,93,76,7,57,82,57,23,71,17,-1,67,22,10,-1,91,64,1,-1,9,1,24,-1,25,0,-1,127,91,107,16,33,51,10,38,84,30,NA,28880,50034,41.496512,-74.027801,NY,571,4,
6,Public Housing,2,NA,TITUS TOWERS,NY054000001,235,84,197,100,4,6,1.1,207,424,747,18112,17237,2,5,42,22,29,4,2,92,23,97,78,-1,-1,55,-1,92,54,61,-1,3,16,81,8,28,14,3,4,72,2,5,1,8,1,10,107,33,59,100,-1,-1,-1,25,35,42,NA,27060,38077,42.43177,-76.503748,NY,1328,5,
6,Public Housing,2,NA,HOP-O-NOSE HOMES,NY032000362,80,98,78,100,6,1,2.6,205,582,530,32673,12432,1,3,29,8,60,46,-1,53,41,68,51,8,44,95,51,24,75,19,-1,55,19,26,3,65,49,-1,-1,35,-1,14,3,17,4,42,159,68,27,10,41,49,23,25,32,57,NA,99999,13002,42.2271,-73.8559,NY,80,1,
6,Public Housing,2,NA,HOTEL JAMESTOWN & HIGH RISE,NY017000001,214,90,192,100,6,14,1.1,205,362,448,17175,16086,2,3,45,26,24,6,2,90,29,92,65,-1,-1,48,-1,92,64,70,-1,6,21,73,4,13,3,1,1,87,-1,8,1,9,1,4,84,-1,-1,96,4,-1,1,41,33,14,NA,27460,38264,42.096226,-79.243087,NY,518,4,
6,Public Housing,2,NA,WROBEL TOWERS,NY011000005,247,77,191,100,9,8,1.1,204,342,885,15116,14152,4,6,59,18,14,4,2,93,22,94,87,-1,-1,51,-1,79,50,61,-1,11,30,59,4,66,50,1,6,34,1,9,-1,10,2,21,101,-1,-1,100,-1,-1,-1,28,53,44,NA,15380,51055,43.107913,-79.054193,NY,844,4,
6,Public Housing,2,NA,THEATER APARTMENTS,NY400000001,194,100,194,100,5,14,1,200,425,411,20255,19647,-1,1,40,23,36,5,-1,95,30,90,64,-1,-1,64,-1,100,34,36,-1,1,3,97,12,24,18,1,1,76,1,3,1,5,0,16,84,38,40,100,-1,-1,-1,5,18,78,NA,15380,39232,42.95888,-78.858374,NY,194,2,
6,Public Housing,2,NA,VINETTE TOWERS,NY001000074,183,98,179,100,6,9,1.1,199,353,803,17141,15418,3,3,52,16,26,9,2,86,25,93,75,-1,1,58,-1,68,60,58,-1,8,26,65,6,55,35,-1,1,45,4,15,1,20,4,31,119,-1,-1,94,6,-1,1,34,66,22,NA,45060,73000,43.071145,-76.147837,NY,6552,7,
6,Public Housing,2,NA,GEN D MACARTHUR SR,NY085000002,175,88,146,95,6,7,1.3,193,493,360,20264,15329,2,5,45,14,34,15,1,79,18,95,86,-1,8,64,6,63,60,49,1,13,21,64,5,95,82,-1,-1,5,1,12,-1,12,2,42,148,16,200,86,9,5,5,19,98,62,NA,35620,33139,40.714366,-73.620646,NY,756,4,
6,Public Housing,2,NA,MARGOTTA COURT,NY026000001,86,95,82,100,7,4,2.3,191,927,520,40123,17225,1,5,15,10,70,49,-1,50,30,83,59,2,21,61,16,21,9,9,2,16,29,52,9,95,37,-1,-1,4,-1,59,-1,59,0,5,221,-1,-1,35,41,23,5,12,84,10,NA,35620,67638,41.081693,-73.86247,NY,86,1,
6,Public Housing,2,NA,REV. MADDEN SR. CTZ. APTS,NY023000002,150,99,149,100,6,9,1.3,190,404,706,16817,13188,1,7,47,20,25,9,1,89,15,100,95,-1,-1,60,-1,73,46,41,-1,1,6,93,18,89,17,-1,-1,11,9,62,-1,72,2,55,145,34,32,98,2,-1,-1,14,91,45,NA,35620,27485,40.652276,-73.576962,NY,565,4,
6,Public Housing,2,NA,Lakeview on the Park,NY002000041,138,95,131,100,6,7,1.4,189,420,971,17453,12097,7,7,54,7,25,20,6,74,24,95,79,1,19,77,20,25,66,36,4,18,22,56,3,97,8,-1,-1,3,2,86,-1,89,0,13,94,94,125,62,30,8,12,52,86,22,NA,15380,11000,42.894711,-78.890262,NY,4819,6,
6,Public Housing,2,NA,Center Court Phase 1B & II,NY011000013,86,97,69,83,9,9,2.7,183,424,885,20936,7894,15,7,22,13,43,42,1,54,25,91,68,3,61,87,61,20,29,14,6,64,12,19,-1,86,74,3,3,14,4,1,-1,6,4,2,99,100,176,7,33,59,32,61,90,29,NA,15380,51055,43.113182,-79.040803,NY,844,4,
6,Public Housing,2,NA,LOWER WEST SIDE HOMES,NY002000040,61,92,56,100,7,5,3.2,179,567,971,24834,7769,-1,8,22,6,64,43,4,43,28,88,57,7,57,93,61,11,27,9,-1,61,20,20,-1,98,30,2,-1,2,5,59,2,66,0,54,159,100,150,-1,-1,100,41,49,83,21,NA,15380,11000,42.897253,-78.884016,NY,4819,6,
6,Public Housing,2,NA,SOUTH COURT,NY093004001,55,98,54,100,5,28,3.3,178,599,618,29809,9043,4,8,19,8,62,56,11,31,39,70,48,33,44,76,63,19,17,8,13,69,9,9,-1,11,6,2,-1,89,4,-1,-1,4,2,21,67,50,69,-1,9,91,33,18,13,59,NA,36460,54716,42.066325,-78.437359,NY,306,3,
6,Public Housing,2,NA,LOWER EAST SIDE III,NY005013590,104,96,86,86,7,-1,2,176,750,1364,31168,15230,5,6,25,12,53,41,5,53,25,91,70,1,16,67,16,21,56,31,1,19,20,60,2,100,13,-1,30,-1,14,42,1,57,2,-1,310,100,64,5,60,35,45,16,45,2,NA,35620,51000,40.785578,-73.974554,NY,270925,9,
6,Public Housing,2,NA,FHA REPOSSESSED HOUSES V,NY005012090,199,52,94,90,8,-1,1.8,170,904,1364,39103,21621,1,4,18,15,62,37,1,62,32,82,61,1,11,74,9,22,45,39,-1,13,27,61,15,100,81,2,1,-1,4,12,-1,16,0,-1,556,99,188,1,33,66,74,12,93,39,NA,35620,51000,40.671457,-73.878019,NY,270925,9,
6,Public Housing,2,NA,DTE&W/Kennedy/Jon Child,NY041000222,305,91,163,59,8,27,1,169,336,728,14063,13564,1,8,63,16,12,5,2,90,21,98,88,-1,-1,52,-1,73,72,70,-1,1,30,69,4,88,69,-1,2,12,2,15,-1,17,1,14,87,6,45,100,-1,-1,-1,41,92,38,NA,40380,63000,43.150145,-77.641739,NY,12512,8,
6,Public Housing,2,NA,WESTVIEW APARTMENTS,NY009000007,182,92,166,99,8,15,1,169,397,811,17448,17138,2,5,53,18,21,10,2,87,21,92,85,-1,-1,43,-1,90,82,82,-1,-1,18,82,6,71,51,1,3,29,3,11,2,16,0,41,106,-1,-1,100,-1,-1,-1,35,71,20,NA,10580,01000,42.674791,-73.784266,NY,5149,7,
6,Public Housing,2,NA,KELLY GARDENS & LYNDON B. JOHNSON APTS.,NY002000034,235,69,159,98,6,1,1,166,387,971,16964,16249,3,1,58,17,22,8,1,89,25,93,79,-1,-1,47,-1,65,57,58,-1,1,23,76,2,89,73,-1,-1,11,1,15,1,16,0,25,131,-1,-1,97,3,-1,1,23,55,36,NA,15380,11000,42.92794,-78.851793,NY,4819,6,
6,Public Housing,2,NA,SPALLINO TOWERS,NY011000003,181,89,161,100,9,12,1,165,362,885,16583,16181,4,-1,57,19,20,7,3,87,24,94,82,-1,-1,52,-1,69,54,61,-1,14,30,56,4,58,41,4,3,42,2,8,1,11,1,21,85,-1,-1,100,-1,-1,-1,47,60,36,NA,15380,51055,43.095398,-79.050791,NY,844,4,
6,Public Housing,2,NA,IVY TERRACE,NY081000001,90,94,84,99,6,20,1.9,163,405,585,18564,9567,5,4,35,18,38,29,5,61,28,93,65,2,35,65,35,38,45,28,1,43,23,33,1,4,1,1,-1,96,-1,1,-1,1,0,2,103,-1,-1,36,35,30,18,10,7,73,NA,99999,75671,44.228885,-74.456512,NY,90,1,
6,Public Housing,2,NA,ROSS TOWERS,NY001000077,160,94,151,100,6,11,1.1,163,342,803,17113,15853,5,5,57,12,21,11,5,83,25,93,79,-1,-1,51,-1,68,65,63,1,13,32,54,3,72,50,1,-1,28,6,15,-1,21,6,19,104,-1,-1,97,3,-1,1,31,47,7,NA,45060,73000,43.055551,-76.138568,NY,6552,7,
6,Public Housing,2,NA,OLD BETHPAGE HSG.,NY055000010,140,97,135,99,2,5,1.2,162,515,467,23136,19280,1,3,21,30,45,7,1,92,20,98,87,-1,-1,59,-1,94,23,29,-1,4,10,87,9,21,2,1,17,79,-1,1,-1,1,0,75,119,-1,-1,97,3,-1,-1,4,17,84,NA,35620,54551,40.756847,-73.454294,NY,911,4,
6,Public Housing,2,NA,NEW AMSTERDAM APTS.,NY060000002,70,73,49,96,5,20,3.3,161,634,1052,29656,9026,2,6,18,12,61,41,-1,59,38,78,47,12,49,96,57,38,90,24,2,57,20,20,-1,96,8,-1,-1,4,12,71,4,88,0,38,118,100,231,-1,20,80,31,28,40,23,NA,11220,02066,42.940434,-74.195407,NY,599,4,
6,Public Housing,2,NA,3 SITES,NY052000001,49,92,45,100,5,4,3.5,159,523,409,37495,10612,9,2,5,7,77,67,4,24,43,71,31,24,62,89,78,10,25,4,-1,87,4,9,-1,24,11,-1,-1,76,2,11,-1,13,2,10,94,100,128,-1,-1,100,29,18,20,44,NA,12860,04715,42.988187,-78.165304,NY,197,2,
6,Public Housing,2,NA,HICKSVILLE SENIOR CZNS,NY055000006,142,99,138,99,3,4,1.2,159,496,467,22623,19635,3,1,32,21,43,6,1,93,20,97,83,-1,-1,62,-1,94,16,23,-1,4,9,87,20,24,2,-1,17,76,-1,4,-1,4,0,44,115,-1,-1,99,1,1,1,4,44,88,NA,35620,34374,40.752352,-73.531589,NY,911,4,
6,Public Housing,2,NA,CHAS. SMITHERS - LAW LANE,NY097000002,76,80,61,100,5,30,2.6,158,387,573,20010,7726,10,12,22,15,41,33,11,52,29,85,57,10,46,77,44,22,50,16,3,57,8,31,2,3,2,-1,2,97,-1,-1,-1,0,2,6,72,90,85,30,21,49,5,12,15,59,NA,32390,12331,44.590983,-75.177189,NY,169,2,
6,Public Housing,2,NA,400 TOWERS,NY052000002,148,95,141,100,5,11,1.1,155,424,409,21880,19904,-1,1,35,18,45,6,-1,94,33,83,53,-1,-1,49,-1,93,33,43,1,9,13,78,9,8,6,-1,1,92,-1,1,-1,1,0,3,92,-1,-1,97,3,-1,1,29,30,56,NA,12860,04715,42.996518,-78.176858,NY,197,2,
6,Public Housing,2,NA,"HOLLING HOMES, CAMDEN & ELMHURST",NY002000011,168,93,153,98,6,7,1,155,338,971,14644,14455,4,4,68,12,11,8,3,87,22,94,90,-1,-1,59,-1,81,79,79,-1,-1,24,76,1,67,48,1,3,33,1,14,-1,15,0,10,131,-1,-1,93,7,-1,5,23,38,38,NA,15380,11000,42.954029,-78.865563,NY,4819,6,
6,Public Housing,2,NA,PERRETTA TWIN TOWERS & MARINO-RUGGIERO,NY006000004,158,91,143,99,6,9,1.1,154,334,790,14686,13637,3,5,66,13,12,4,1,94,24,97,85,-1,-1,46,-1,95,81,82,-1,5,22,73,3,51,17,1,-1,49,1,31,-1,33,0,48,101,27,37,95,5,-1,1,54,61,9,NA,46540,76540,43.099382,-75.222875,NY,1265,5,
6,Public Housing,2,NA,Randolph South,NY005026001,147,99,72,50,9,-1,2.1,154,674,1364,27608,12908,6,13,19,13,50,46,13,42,23,89,71,1,36,82,36,3,32,16,-1,38,10,53,1,99,72,-1,1,1,1,24,-1,25,0,-1,103,100,100,44,33,22,18,20,76,0,NA,35620,51000,40.802455,-73.955199,NY,267843,9,
6,Public Housing,2,NA,MIDTOWN TOWERS,NY010300000,149,98,146,100,6,18,1,150,352,544,15186,14781,9,4,55,12,21,9,8,83,26,95,76,-1,-1,42,-1,81,62,71,3,25,30,41,1,10,5,-1,1,90,-1,3,1,4,0,13,80,-1,-1,100,-1,-1,-1,29,23,18,NA,48060,78608,43.973899,-75.903613,NY,642,4,
6,Public Housing,2,NA,COMM. PERRY HOMES & EXT. ROWHOUSES,NY002000021,82,83,59,87,7,2,2.5,149,496,971,26635,10547,14,9,23,14,40,39,10,47,32,80,64,3,41,90,37,8,70,8,2,51,31,17,2,92,46,-1,-1,8,8,37,-1,46,0,33,200,-1,-1,-1,-1,100,56,28,66,28,NA,15380,11000,42.873152,-78.860824,NY,4819,6,
6,Public Housing,2,NA,DREW GDNS/BROOKSVILLE,NY014000003,124,96,118,99,7,5,1.2,147,521,814,24179,19409,3,7,32,16,41,13,1,85,21,95,75,1,-1,46,-1,50,13,12,-1,-1,2,98,15,78,19,-1,2,22,1,56,1,58,1,30,130,-1,-1,98,2,-1,1,10,76,17,NA,35620,59223,40.998733,-73.675269,NY,340,3,
6,Public Housing,2,NA,PEACOCK PARK MANOR,NY065000001,99,86,85,100,6,21,1.7,147,466,507,20514,11862,4,4,27,23,43,19,5,74,32,86,52,5,27,79,25,32,81,39,7,28,8,56,7,11,4,-1,-1,89,1,6,-1,7,0,10,85,35,62,62,25,13,4,20,12,40,NA,99999,53979,42.527755,-75.521743,NY,305,3,
6,Public Housing,2,NA,Townsend Park Homes,NY009000012,157,87,137,100,7,9,1.1,147,394,811,17070,15909,3,2,58,18,19,9,1,89,21,94,86,-1,-1,51,-1,93,80,80,-1,-1,11,89,8,88,64,-1,2,12,2,15,4,21,0,29,119,-1,-1,100,-1,-1,-1,44,86,8,NA,10580,01000,42.658493,-73.765052,NY,5149,7,
6,Public Housing,2,NA,Luther/Bronson/UT/Atlantic,NY041000334,187,94,106,60,7,20,1.3,143,416,728,17554,13012,2,7,54,12,25,20,5,72,24,93,77,2,10,46,10,66,77,55,2,39,26,33,5,79,58,-1,-1,21,3,19,-1,22,2,29,125,22,162,78,13,8,5,24,41,14,NA,40380,63000,43.15609,-77.586142,NY,12512,8,
6,Public Housing,2,NA,TOTTEN TOWERS,NY085000001,105,92,93,96,6,11,1.5,140,605,360,24828,16493,-1,2,42,18,38,19,-1,77,20,91,84,1,13,62,12,47,61,41,-1,19,17,63,2,96,85,-1,-1,4,-1,11,-1,11,1,68,185,31,106,73,15,12,6,24,96,46,NA,35620,33139,40.701188,-73.617808,NY,756,4,
6,Public Housing,2,NA,Ida Yarbrough Homes Redevelopment,NY009000018,45,98,44,100,8,-1,3.2,139,613,811,26394,8355,8,3,10,18,62,48,2,39,25,91,59,-1,80,91,77,22,33,14,9,68,16,7,-1,98,82,-1,-1,2,9,7,-1,16,2,-1,145,98,140,-1,27,73,25,35,93,4,NA,10580,01000,42.6682,-73.7506,NY,5149,7,
6,Public Housing,2,NA,WILLOW GARDENS & AUTUMN GARDENS,NY070000510,142,94,134,100,6,17,1,137,417,502,18834,18421,1,3,45,19,32,10,-1,90,28,92,69,-1,-1,62,-1,80,57,64,-1,11,22,67,4,20,13,1,1,80,-1,4,-1,4,1,6,88,-1,-1,100,-1,-1,-1,8,14,64,NA,15380,43082,43.16025,-78.693744,NY,544,4,
6,Public Housing,2,NA,HILLSIDE TERRACE APTS,NY099000001,75,97,73,100,6,7,1.8,134,556,616,26531,14453,1,3,26,18,52,22,-1,78,28,88,73,5,16,64,15,27,29,20,-1,22,8,70,3,22,5,-1,-1,78,1,15,-1,16,0,10,99,86,53,67,8,25,4,21,36,53,NA,28880,59388,41.370756,-74.684098,NY,75,1,
6,Public Housing,2,NA,ARBOR HILL HOMES,NY009000009,54,93,50,100,7,6,2.5,124,603,811,30029,12108,7,9,17,4,63,50,4,38,30,84,58,6,54,86,56,12,86,14,2,68,16,14,-1,98,84,-1,-1,2,-1,12,2,14,0,84,94,86,154,16,44,40,18,27,82,6,NA,10580,01000,42.65819,-73.755295,NY,5149,7,
6,Public Housing,2,NA,DR E MITCHELL MALLETTE,NY023000003,100,100,100,100,6,8,1.2,121,393,706,16244,13425,7,5,44,21,22,5,3,91,14,100,94,-1,-1,66,-1,93,42,45,-1,4,11,85,12,94,28,-1,-1,6,10,56,-1,66,1,58,132,-1,-1,96,4,-1,-1,16,93,52,NA,35620,27485,40.660336,-73.584991,NY,565,4,
6,Public Housing,2,NA,PUBLIC HOUSING COMPLEX,NY103000001,64,98,62,98,11,10,1.9,119,614,358,27809,14489,-1,3,32,15,50,31,-1,69,31,85,69,3,29,60,24,21,55,24,2,29,8,61,-1,55,16,-1,-1,45,-1,39,-1,39,2,27,120,97,48,52,24,24,10,26,53,48,NA,28740,23965,41.71429,-74.389114,NY,211,2,
6,Public Housing,2,NA,"SCHWAB, KOWAL & MSGR. GEARY APTS.",NY002000033,157,73,113,99,8,7,1,117,368,971,16387,15827,4,3,63,13,19,4,3,92,24,93,82,-1,1,59,-1,88,58,65,-1,9,21,70,4,90,81,2,1,10,-1,6,-1,6,0,8,124,58,39,89,11,-1,9,40,64,38,NA,15380,11000,42.888418,-78.81441,NY,4819,6,
6,Public Housing,2,NA,HARMON SHEPHERD HILL,NY055000009,117,80,94,100,8,3,1.2,109,445,467,19506,16821,1,4,37,20,38,2,-1,97,17,99,93,-1,-1,68,-1,100,13,16,-1,-1,5,95,20,35,1,1,30,65,-1,3,-1,3,0,50,124,-1,-1,100,-1,-1,-1,3,26,85,NA,35620,58442,40.779872,-73.477773,NY,911,4,
6,Public Housing,2,NA,ALBERT NADER TOWERS,NY068001949,112,92,103,100,7,5,1,108,416,450,19769,18853,-1,2,40,23,35,8,-1,92,33,84,55,-1,-1,58,-1,97,43,62,1,10,24,65,9,5,1,-1,1,95,-1,3,-1,3,0,14,100,-1,-1,100,-1,-1,-1,29,20,26,NA,36580,54881,42.447382,-75.065842,NY,196,2,
6,Public Housing,2,NA,RIVERVIEW TOWERS,NY039000001,100,92,92,100,5,17,1.2,108,424,523,19578,16678,-1,1,45,21,33,7,-1,92,32,89,60,-1,-1,52,-1,94,63,72,2,16,21,61,4,1,1,-1,-1,99,-1,-1,-1,0,1,2,41,-1,-1,84,16,-1,4,25,6,62,NA,32390,54485,44.6985,-75.494422,NY,386,3,
6,Public Housing,2,NA,PROSPECT PLAZA PHASE II,NY005025001,42,100,42,100,8,2,2.5,107,774,1364,30291,11890,7,10,7,10,67,55,7,38,23,93,69,2,57,93,55,11,17,12,-1,76,10,14,-1,100,64,-1,-1,-1,2,33,-1,36,0,2,87,100,129,7,83,10,10,34,98,1,NA,35620,51000,40.672201,-73.917105,NY,270925,9,
6,Public Housing,2,NA,Mill River Gardens,NY046000003,106,92,97,100,3,3,1.1,105,565,554,24195,22351,-1,6,18,22,55,6,-1,94,22,98,82,-1,-1,68,-1,100,30,32,-1,-1,6,94,20,25,4,-1,3,75,-1,18,-1,18,0,176,131,-1,-1,100,-1,-1,-1,7,25,75,NA,35620,54441,40.643864,-73.654163,NY,1309,5,
6,Public Housing,2,NA,VALENTINE APTS.,NY034000005,99,97,95,99,6,17,1.1,105,357,627,16150,14612,2,4,48,24,21,6,3,91,26,97,76,-1,-1,51,-1,100,55,67,1,15,18,66,5,15,12,-1,-1,85,-1,3,-1,3,0,4,80,100,59,100,-1,-1,-1,29,27,22,NA,46540,63418,43.218357,-75.452616,NY,936,4,
6,Public Housing,2,NA,GENEVA Housing Authority Scattered Sites,NY044000002,38,95,36,100,7,3,2.9,103,691,628,39959,13966,3,-1,23,3,71,58,-1,39,47,56,42,14,33,92,44,21,86,18,-1,56,25,19,-1,67,25,-1,-1,33,3,39,-1,42,0,61,176,100,257,6,17,78,42,21,42,50,NA,40380,28640,42.865181,-76.989076,NY,68,1,
6,Public Housing,2,NA,ALGONQUIN APTS.,NY087000002,35,77,27,100,6,15,3.8,102,812,623,39038,10334,4,4,12,4,77,78,-1,19,47,56,33,22,78,74,74,23,100,13,4,89,4,4,-1,0,-1,-1,-1,100,-1,-1,-1,0,0,1,74,96,229,-1,15,85,15,18,9,65,NA,99999,65233,44.318888,-74.150837,NY,248,2,
6,Public Housing,2,NA,Diane P. Burns,NY097000001,93,94,87,100,6,24,1.1,99,380,573,18362,16136,2,3,41,24,29,15,3,82,31,90,63,-1,1,56,1,79,52,62,-1,22,28,51,3,7,3,1,1,93,-1,1,-1,1,1,5,77,-1,-1,93,7,-1,-1,15,17,54,NA,32390,12331,44.597136,-75.173757,NY,169,2,
6,Public Housing,2,NA,SPIRES,NY070000002,100,97,97,100,6,21,1,98,372,502,15795,15634,4,1,57,20,19,11,3,85,23,96,81,-1,-1,47,-1,80,63,72,3,20,30,47,1,20,13,1,1,80,-1,4,-1,4,1,10,74,-1,-1,100,-1,-1,-1,27,33,29,NA,15380,43082,43.171331,-78.694549,NY,544,4,
6,Public Housing,2,NA,CENTENNIAL TERRACE,NY039000002,110,87,96,100,6,21,1,97,354,523,14895,14741,2,2,59,23,14,2,2,95,25,97,76,-1,-1,44,-1,92,75,84,1,22,31,46,2,1,-1,1,-1,99,-1,-1,-1,0,1,2,92,-1,-1,100,-1,-1,-1,25,6,62,NA,32390,54485,44.698388,-75.494686,NY,386,3,
6,Public Housing,2,NA,LONG FALLS,NY058000001,100,96,96,100,3,24,1,97,388,290,18803,18609,3,4,48,12,33,6,1,90,32,84,63,-1,-1,49,-1,68,50,57,5,13,22,60,4,5,3,-1,1,95,-1,1,-1,1,0,2,77,-1,-1,99,1,-1,1,14,18,40,NA,48060,12683,43.97656,-75.61117,NY,100,2,
6,Public Housing,2,NA,TOWN OF HUNTINGTON,NY035000002,40,95,38,100,7,-1,2.5,95,945,126,48688,19475,-1,6,9,6,80,71,-1,21,37,82,53,3,45,84,42,16,43,13,-1,45,37,18,-1,87,55,3,3,13,-1,26,-1,26,0,-1,168,95,217,-1,50,50,34,3,24,65,NA,35620,46514,40.7978,-73.4344,NY,613,4,
6,Public Housing,2,NA,Center Court Phase 1A,NY011000012,64,86,44,80,9,11,2.1,93,371,885,18928,8955,20,7,23,16,34,39,5,57,25,86,70,5,48,82,45,10,38,11,5,45,20,30,5,95,77,2,5,5,-1,9,2,11,7,2,108,93,153,11,50,39,39,61,90,29,NA,15380,51055,43.113587,-79.044451,NY,844,4,
6,Public Housing,2,NA,PARKVIEW TOWERS,NY029000006,94,100,93,99,9,6,1,93,386,794,16748,16748,-1,5,55,17,22,2,-1,97,25,94,80,-1,-1,42,-1,90,88,88,1,9,22,69,3,43,17,1,-1,57,2,23,-1,25,0,2,111,-1,-1,100,-1,-1,-1,27,30,31,NA,15380,40189,42.825964,-78.829517,NY,490,3,
6,Public Housing,2,NA,MCDONALD TOWERS,NY022000003,93,96,89,100,7,15,1,92,392,778,16807,16259,2,5,41,25,26,3,1,93,20,98,85,-1,-1,57,-1,93,57,61,-1,-1,17,83,3,17,8,-1,2,83,-1,7,-1,7,1,30,87,-1,-1,99,1,-1,1,16,30,5,NA,10580,16749,42.776407,-73.701429,NY,709,4,
6,Public Housing,2,NA,JOSEPH STEGER APTS.,NY063000001,99,97,82,85,10,15,1.1,89,326,436,14522,13380,9,6,53,18,15,7,9,82,25,94,79,-1,-1,51,-1,74,35,47,2,7,33,57,4,68,2,-1,-1,32,-1,66,-1,66,0,7,81,-1,-1,98,2,-1,-1,21,45,56,NA,27460,21105,42.488738,-79.329785,NY,233,2,
6,Public Housing,2,NA,FOREST HILL TOWERS,NY048000001,108,81,80,92,5,16,1.1,87,373,654,17466,16061,1,3,40,35,21,3,1,96,29,96,68,-1,-1,55,-1,70,30,34,-1,-1,13,88,8,6,1,-1,-1,94,-1,5,-1,5,0,13,84,-1,-1,100,-1,-1,-1,31,15,45,NA,24100,29443,43.047732,-74.345252,NY,548,4,
6,Public Housing,2,NA,KINGSBORO TOWERS,NY048000004,100,86,85,99,6,24,1,87,369,654,17113,16720,1,1,51,20,27,4,-1,96,29,93,64,-1,-1,71,-1,29,31,30,-1,-1,8,92,7,7,2,-1,1,93,-1,4,-1,4,0,12,68,-1,-1,100,-1,-1,-1,22,16,38,NA,24100,29443,43.050378,-74.34864,NY,548,4,
6,Public Housing,2,NA,SPRING & SENECA CT.,NY093002001,81,98,79,100,7,11,1.1,84,375,618,17397,16362,1,3,49,23,24,3,-1,96,30,91,65,-1,-1,65,-1,100,44,56,-1,6,16,77,6,11,6,3,-1,89,-1,3,-1,3,3,8,98,-1,-1,100,-1,-1,-1,18,13,59,NA,36460,54716,42.079143,-78.415317,NY,306,3,
6,Public Housing,2,NA,BETHPAGE SENIOR CZNS,NY055000002,73,96,70,100,3,3,1.1,80,499,467,22018,19266,1,3,29,26,41,4,-1,96,20,97,84,-1,-1,63,-1,88,19,24,-1,3,9,89,11,19,-1,-1,16,81,-1,1,1,3,0,49,118,-1,-1,100,-1,-1,-1,3,24,85,NA,35620,06387,40.744353,-73.480111,NY,911,4,
6,Public Housing,2,NA,Nutgrove Garden Apartments,NY009000008,56,96,54,100,7,6,1.5,80,584,811,28915,19518,2,12,22,8,57,48,2,44,33,80,50,-1,26,80,24,12,60,23,4,44,15,37,2,98,72,-1,-1,2,6,15,6,26,4,56,145,81,137,39,61,-1,22,15,79,23,NA,10580,01000,42.633454,-73.766564,NY,5149,7,
6,Public Housing,2,NA,PROSPECT PLAZA PHASE I,NY005025000,38,100,37,97,6,-1,2.1,79,794,1364,33781,15822,3,3,5,16,73,68,3,30,26,92,65,5,35,84,35,11,60,18,-1,54,19,27,-1,97,51,-1,3,3,14,30,-1,43,0,-1,100,100,126,14,81,5,30,34,98,1,NA,35620,51000,40.672729,-73.917945,NY,270925,9,
6,Public Housing,2,NA,Dogwood Terrace,NY046000005,104,65,68,100,2,-1,1.1,77,565,554,22957,20273,-1,3,21,21,56,3,-1,97,21,100,85,-1,-1,74,-1,100,28,26,-1,-1,1,99,22,32,7,6,7,68,-1,12,-1,12,1,-1,124,-1,-1,100,-1,-1,-1,5,56,78,NA,35620,27309,40.69564,-73.685472,NY,1309,5,
6,Public Housing,2,NA,GRANT PARK I,NY003000150,32,97,31,100,10,3,2.3,71,712,3287,35866,15660,10,13,10,10,58,58,6,29,28,87,58,6,32,81,32,-1,-1,0,-1,48,39,13,-1,97,39,-1,-1,3,13,39,6,58,0,1,117,100,199,26,55,19,13,18,96,13,NA,35620,84000,40.940394,-73.88848,NY,5265,7,
6,Public Housing,2,NA,LAKE FLOWER APTS.,NY087000001,78,91,71,100,10,7,1,71,374,623,16330,16330,7,3,46,19,26,7,4,86,29,90,62,-1,-1,41,-1,82,65,72,-1,14,25,61,8,4,1,1,-1,96,-1,1,-1,1,0,7,82,-1,-1,100,-1,-1,-1,18,9,65,NA,99999,65233,44.324055,-74.131558,NY,248,2,
6,Public Housing,2,NA,GREAT NECK SNR CZNS HSG,NY144000001,75,87,63,97,9,-1,1.1,70,413,679,17413,15672,-1,2,61,16,21,3,-1,95,16,97,94,-1,-1,70,-1,100,19,21,-1,5,2,94,29,37,13,-1,6,63,-1,17,-1,17,0,-1,146,98,39,98,2,-1,-1,13,29,68,NA,35620,30169,40.805102,-73.735485,NY,75,1,
6,Public Housing,2,NA,AD Price III,NY002000047,50,84,28,67,12,11,2.5,69,372,971,19802,8035,12,6,12,12,59,39,4,18,23,79,68,21,39,75,54,9,-1,4,4,75,4,18,-1,93,82,-1,-1,7,-1,11,-1,11,0,50,40,100,148,21,29,50,18,43,95,30,NA,15380,11000,42.88657,-78.854987,NY,4819,6,
6,Public Housing,2,NA,HOOSAC MEADOWS,NY501000001,25,100,22,88,5,5,2.9,64,423,646,22212,7635,5,9,23,27,36,64,-1,36,22,91,77,5,77,95,77,25,50,14,-1,86,5,9,-1,14,-1,-1,-1,86,-1,14,-1,14,0,-1,118,100,198,-1,55,45,23,11,11,84,NA,10580,99999,42.889115,-73.360466,NY,243,2,
6,Public Housing,2,NA,EVERGREEN DRIVE,NY071000001,98,84,26,32,12,4,2.4,62,542,411,29739,12471,4,-1,25,17,54,58,-1,35,43,77,50,-1,38,73,31,13,60,13,-1,38,23,38,4,88,54,-1,-1,12,-1,35,-1,35,0,58,168,62,79,42,27,31,12,23,68,52,NA,33910,48175,41.656341,-74.698277,NY,656,4,
6,Public Housing,2,NA,A.D. Price - Phase I,NY002000043,55,87,29,60,10,21,2.1,61,407,971,19713,9372,4,14,29,11,43,41,7,48,27,93,69,7,45,90,52,4,17,3,10,45,24,21,-1,93,86,-1,-1,7,7,-1,-1,7,0,58,91,100,119,17,59,24,17,39,95,29,NA,15380,11000,42.886515,-78.854949,NY,4819,6,
6,Public Housing,2,NA,AD Price Phase II,NY002000044,94,95,57,64,9,9,1.1,61,356,971,15527,14509,-1,2,68,11,19,2,-1,98,23,98,81,-1,-1,68,-1,-1,34,33,-1,-1,7,93,4,95,88,-1,-1,5,2,5,-1,7,2,7,75,100,58,88,12,-1,5,53,98,12,NA,15380,11000,42.887269,-78.854169,NY,4819,6,
6,Public Housing,2,NA,OLEAN HOUSE,NY093003001,62,94,58,100,7,9,1,60,366,618,17127,16557,-1,2,67,3,28,12,-1,88,29,91,71,-1,-1,52,-1,90,59,73,2,24,28,47,3,16,10,2,-1,84,-1,3,-1,3,2,7,97,-1,-1,100,-1,-1,-1,39,21,30,NA,36460,54716,42.078373,-78.429608,NY,306,3,
6,Public Housing,2,NA,Plymouth Manor,NY041000998,35,94,17,52,11,12,3.5,59,486,728,22629,6520,6,6,19,25,44,41,-1,53,24,88,76,18,41,76,53,38,100,20,6,47,24,24,-1,100,82,-1,-1,-1,-1,18,-1,18,0,61,111,100,192,-1,24,76,35,54,93,39,NA,40380,63000,43.14149,-77.618299,NY,12512,8,
6,Public Housing,2,NA,WOODRIDGE HA,NY064000001,40,85,24,71,12,-1,2.4,57,593,491,33769,14219,5,5,5,14,73,63,4,25,51,58,33,13,29,67,29,5,-1,9,-1,38,46,17,4,67,13,-1,-1,33,8,46,-1,54,4,15,197,58,56,29,29,42,21,10,55,68,NA,33910,82953,41.705394,-74.563978,NY,40,1,
6,Public Housing,2,NA,Fogarty Apartments,NY051000002,65,78,51,100,6,12,1.1,56,410,855,17010,15491,2,8,55,14,22,6,2,92,20,96,86,-1,-1,49,-1,50,57,54,-1,-1,4,96,2,88,59,-1,-1,12,4,22,4,29,0,43,100,-1,-1,100,-1,-1,-1,24,85,12,NA,28880,50034,41.50604,-74.013123,NY,571,4,
6,Public Housing,2,NA,ROCKVILLE MANOR,NY100000001,50,96,47,98,4,-1,1.2,55,476,383,22920,19586,7,2,24,20,47,13,2,81,20,91,81,-1,-1,60,-1,75,30,29,-1,-1,9,91,13,83,40,-1,6,17,4,32,-1,36,0,-1,89,-1,-1,100,-1,-1,-1,4,29,78,NA,35620,63264,40.654252,-73.632211,NY,50,1,
6,Public Housing,2,NA,WEST CARTHAGE,NY058000002,50,100,50,100,6,16,1.1,54,480,290,24859,23018,-1,-1,30,20,50,4,-1,96,42,72,40,-1,-1,68,-1,100,26,33,-1,2,12,86,14,2,2,-1,-1,98,-1,-1,-1,0,0,4,86,100,98,98,2,-1,2,10,15,56,NA,48060,79499,43.976899,-75.625182,NY,150,2,
6,Public Housing,2,NA,PARKVIEW RISE,NY039000004,50,96,48,100,8,17,1.1,53,404,523,19214,17401,-1,2,40,23,35,2,2,96,32,85,63,-1,-1,52,-1,100,53,62,-1,13,13,75,10,2,-1,-1,2,98,-1,-1,-1,0,0,2,119,94,66,98,2,-1,2,18,25,68,NA,32390,54485,44.699039,-75.478871,NY,386,3,
6,Public Housing,2,NA,ARBOR HILL 3B,NY009000011,23,100,22,96,8,5,2.1,46,406,811,16110,7705,20,5,25,10,40,55,-1,36,17,95,73,-1,68,91,68,9,-1,7,-1,91,9,-1,-1,100,86,-1,-1,-1,5,9,-1,14,5,94,93,100,135,9,91,-1,9,27,82,6,NA,10580,01000,42.657403,-73.755138,NY,5149,7,
6,Public Housing,2,NA,Chadakoin Centre,NY017000003,32,97,31,100,6,13,1.5,45,390,448,18490,12738,3,3,40,10,43,19,6,71,30,94,58,3,10,74,10,63,67,53,6,32,23,39,3,23,3,3,-1,77,3,13,-1,16,6,13,104,-1,-1,74,26,-1,-1,41,33,14,NA,27460,38264,42.096192,-79.243251,NY,518,4,
6,Public Housing,2,NA,Rutger Manor,NY006000013,21,95,13,65,13,23,3.2,41,386,790,18161,5758,-1,10,30,20,40,38,-1,38,23,92,77,31,46,77,69,17,100,12,-1,77,15,8,-1,100,62,-1,-1,-1,8,31,-1,38,0,19,103,92,201,-1,23,77,31,44,80,22,NA,46540,76540,43.089845,-75.238442,NY,1265,5,
6,Public Housing,2,NA,Schoolhouse Terrace,NY003000160,26,96,25,100,6,4,1.6,41,442,3287,22206,13540,8,8,29,8,46,36,8,52,18,96,80,-1,24,64,20,-1,-1,0,-1,32,16,52,4,100,64,-1,-1,-1,32,4,-1,36,0,-1,89,100,61,52,48,-1,12,24,97,2,NA,35620,84000,40.940195,-73.897229,NY,5265,7,
6,Public Housing,2,NA,Hortense Sterns Apartments,NY018000103,46,85,39,100,6,13,1,39,307,476,12667,12667,21,6,41,12,21,13,15,59,20,92,79,-1,-1,44,-1,66,60,64,5,62,8,26,5,10,3,-1,-1,90,3,5,-1,8,0,7,78,-1,-1,100,-1,-1,-1,43,24,17,NA,38460,58574,44.6938,-73.458,NY,821,4,
6,Public Housing,2,NA,Carlson Commons,NY041000997,35,94,17,52,8,12,2.2,37,489,728,21902,10063,7,13,20,13,47,35,-1,47,29,76,65,6,41,82,47,15,75,14,6,47,29,18,6,100,88,-1,12,-1,-1,-1,-1,0,0,1,112,100,176,-1,35,65,47,57,92,35,NA,40380,63000,43.143566,-77.618946,NY,12512,8,
6,Public Housing,2,NA,CROTON HEIGHTS APARTMENTS,NY003000140,18,100,18,100,10,6,2,36,683,3287,28784,14392,6,6,17,22,50,72,-1,28,25,89,72,6,44,72,39,-1,-1,3,11,50,17,22,-1,100,22,-1,-1,-1,39,39,-1,78,0,1,114,100,212,50,44,6,-1,18,96,13,NA,35620,84000,40.94,-73.8877,NY,5265,7,
6,Public Housing,2,NA,Walden Park,NY002000045,34,91,30,97,8,13,1,30,318,971,13114,13114,-1,7,83,3,7,-1,-1,100,20,100,93,-1,-1,63,-1,17,33,30,-1,-1,20,80,-1,93,90,-1,-1,7,3,-1,-1,3,0,14,75,-1,-1,100,-1,-1,-1,42,89,46,NA,15380,11000,42.904006,-78.801021,NY,4819,6,
6,Public Housing,2,NA,Hertel Park,NY002000046,30,93,28,100,8,11,1,29,357,971,14591,14088,-1,-1,71,21,7,11,-1,89,22,100,93,-1,-1,54,-1,14,29,24,-1,-1,25,75,11,68,50,-1,-1,32,-1,14,4,18,0,22,61,-1,-1,100,-1,-1,-1,8,20,43,NA,15380,11000,42.947471,-78.8477,NY,4819,6,
6,Public Housing,2,NA,Steuben Village,NY006000002,25,92,14,61,9,7,2,28,394,790,16302,8151,8,8,31,23,31,21,-1,71,23,100,71,-1,36,79,36,36,33,21,7,50,21,21,7,93,36,-1,-1,7,7,50,-1,57,0,6,130,100,120,29,14,57,29,43,83,24,NA,46540,76540,43.094747,-75.231181,NY,1265,5,
6,Public Housing,2,NA,South End Phase III,NY009000016,21,100,21,100,9,5,1.1,24,394,811,17303,15140,11,16,47,-1,26,24,10,57,21,90,76,-1,5,67,5,36,86,50,-1,33,38,29,-1,90,71,-1,-1,10,5,10,5,19,0,32,146,90,114,76,24,-1,14,35,83,6,NA,10580,01000,42.639593,-73.758267,NY,5149,7,
6,Public Housing,2,NA,HELP Buffalo II,NY002000048,15,73,11,100,8,9,1.1,12,213,971,9534,8739,33,-1,33,22,11,9,9,55,14,100,91,-1,-1,-1,-1,20,-1,8,-1,9,36,55,-1,82,73,-1,-1,18,-1,9,-1,9,0,1,39,100,55,100,-1,-1,-1,39,90,27,NA,15380,11000,42.888611,-78.860157,NY,4819,6,
6,Public Housing,2,NA,1070 Washington Avenue,NY005024000,21,-4,-4,-4,-4,-4,-4,-4,-4,-4,-4,-4,-4,-4,-4,-4,-4,-4,-4,-4,-4,-4,-4,-4,-4,-4,-4,-4,-4,-4,-4,-4,-4,-4,-4,-4,-4,-4,-4,-4,-4,-4,-4,-4,-4,-4,-4,-4,-4,-4,-4,-4,-4,-4,-4,-4,NA,35620,51000,40.827743,-73.908645,NY,270925,9,
6,Public Housing,2,NA,Anthony Square,NY041000999,15,-4,-4,-4,-4,-4,-4,-4,-4,-4,-4,-4,-4,-4,-4,-4,-4,-4,-4,-4,-4,-4,-4,-4,-4,-4,-4,-4,-4,-4,-4,-4,-4,-4,-4,-4,-4,-4,-4,-4,-4,-4,-4,-4,-4,-4,-4,-4,-4,-4,-4,-4,-4,-4,-4,-4,NA,40380,63000,43.151716,-77.626514,NY,12512,8,
6,Public Housing,2,NA,HIGHBRDGE REHAB/ANDERSON AVE,NY005015310,20,-4,-4,-4,-4,-4,-4,-4,-4,-4,-4,-4,-4,-4,-4,-4,-4,-4,-4,-4,-4,-4,-4,-4,-4,-4,-4,-4,-4,-4,-4,-4,-4,-4,-4,-4,-4,-4,-4,-4,-4,-4,-4,-4,-4,-4,-4,-4,-4,-4,-4,-4,-4,-4,-4,-4,NA,35620,51000,40.827174,-73.888158,NY,270925,9,
6,Public Housing,2,NA,Ida Yarbrough Phase II,NY009000019,8,-4,-4,-4,-4,-4,-4,-4,-4,-4,-4,-4,-4,-4,-4,-4,-4,-4,-4,-4,-4,-4,-4,-4,-4,-4,-4,-4,-4,-4,-4,-4,-4,-4,-4,-4,-4,-4,-4,-4,-4,-4,-4,-4,-4,-4,-4,-4,-4,-4,-4,-4,-4,-4,-4,-4,NA,10580,01000,42.6682,-73.7506,NY,5149,7,
6,Public Housing,2,NA,LINCOLN PARK HOMES,NY009000004,196,-4,-4,-4,-4,-4,-4,-4,-4,-4,-4,-4,-4,-4,-4,-4,-4,-4,-4,-4,-4,-4,-4,-4,-4,-4,-4,-4,-4,-4,-4,-4,-4,-4,-4,-4,-4,-4,-4,-4,-4,-4,-4,-4,-4,-4,-4,-4,-4,-4,-4,-4,-4,-4,-4,-4,NA,10580,01000,42.642519,-73.760002,NY,5149,7,
6,Public Housing,2,NA,PSS Grandparent Family Apartments,NY005005600,50,-4,-4,-4,-4,-4,-4,-4,-4,-4,-4,-4,-4,-4,-4,-4,-4,-4,-4,-4,-4,-4,-4,-4,-4,-4,-4,-4,-4,-4,-4,-4,-4,-4,-4,-4,-4,-4,-4,-4,-4,-4,-4,-4,-4,-4,-4,-4,-4,-4,-4,-4,-4,-4,-4,-4,NA,35620,51000,40.822361,-73.900734,NY,270925,9,
6,Public Housing,2,NA,Scattered Sites,NY041000561,4,-4,-4,-4,-4,-4,-4,-4,-4,-4,-4,-4,-4,-4,-4,-4,-4,-4,-4,-4,-4,-4,-4,-4,-4,-4,-4,-4,-4,-4,-4,-4,-4,-4,-4,-4,-4,-4,-4,-4,-4,-4,-4,-4,-4,-4,-4,-4,-4,-4,-4,-4,-4,-4,-4,-4,NA,40380,63000,43.185838,-77.568069,NY,12512,8,
6,Public Housing,2,NA,ROULIER HEIGHTS/SARATOGA SITES,NY022000001,120,-5,48,-5,-5,-5,-5,-5,-5,-5,-5,-5,-5,-5,-5,-5,-5,-5,-5,-5,-5,-5,-5,-5,-5,-5,-5,-5,-5,-5,-5,-5,-5,-5,-5,-5,-5,-5,-5,-5,-5,-5,-5,-5,-5,-5,-5,-5,-5,-5,-5,-5,-5,-5,-5,-5,NA,10580,16749,42.774714,-73.706193,NY,709,4,
